"","dN_dS","FCC_type","species"
"1",0.1171,"C.0.001-0.01","S. cerevisiae"
"2",0.0899,"A.no effect","S. cerevisiae"
"3",0.0727,"A.no effect","S. cerevisiae"
"4",0.0933,"A.no effect","S. cerevisiae"
"5",0.1773,"A.no effect","S. cerevisiae"
"6",0.1045,"A.no effect","S. cerevisiae"
"7",0.0976,"A.no effect","S. cerevisiae"
"8",0.0213,"A.no effect","S. cerevisiae"
"9",0.21815,"A.no effect","S. cerevisiae"
"10",0.0668,"A.no effect","S. cerevisiae"
"11",0.0769,"A.no effect","S. cerevisiae"
"12",0.0555,"A.no effect","S. cerevisiae"
"13",0.2826,"C.0.001-0.01","S. cerevisiae"
"14",0.1349,"A.no effect","S. cerevisiae"
"15",0.0822,"A.no effect","S. cerevisiae"
"16",0.1146,"B.0-0.001","S. cerevisiae"
"17",0.1677,"A.no effect","S. cerevisiae"
"18",0.0956,"A.no effect","S. cerevisiae"
"19",0.0566,"A.no effect","S. cerevisiae"
"20",0.0798,"A.no effect","S. cerevisiae"
"21",0.04475,"A.no effect","S. cerevisiae"
"22",0.1844,"A.no effect","S. cerevisiae"
"23",0.0403,"A.no effect","S. cerevisiae"
"24",0.272,"A.no effect","S. cerevisiae"
"25",0.0815,"A.no effect","S. cerevisiae"
"26",0.0825,"A.no effect","S. cerevisiae"
"27",0.1054,"A.no effect","S. cerevisiae"
"28",0.0836,"A.no effect","S. cerevisiae"
"29",0.21455,"A.no effect","S. cerevisiae"
"30",0.07645,"A.no effect","S. cerevisiae"
"31",0.1001,"A.no effect","S. cerevisiae"
"32",0.1121,"B.0-0.001","S. cerevisiae"
"33",0.0732,"A.no effect","S. cerevisiae"
"34",0.1113,"A.no effect","S. cerevisiae"
"35",0.20585,"A.no effect","S. cerevisiae"
"36",0.1798,"A.no effect","S. cerevisiae"
"37",0.23675,"A.no effect","S. cerevisiae"
"38",0.20215,"A.no effect","S. cerevisiae"
"39",0.2135,"A.no effect","S. cerevisiae"
"40",0.2928,"A.no effect","S. cerevisiae"
"41",0.2702,"A.no effect","S. cerevisiae"
"42",0.20005,"A.no effect","S. cerevisiae"
"43",0.133,"A.no effect","S. cerevisiae"
"44",0.0771,"B.0-0.001","S. cerevisiae"
"45",0.08085,"A.no effect","S. cerevisiae"
"46",0.0717,"B.0-0.001","S. cerevisiae"
"47",0.0185,"A.no effect","S. cerevisiae"
"48",0.1828,"D.0.01-0.05","S. cerevisiae"
"49",0.1501,"A.no effect","S. cerevisiae"
"50",0.097,"A.no effect","S. cerevisiae"
"51",0.2147,"A.no effect","S. cerevisiae"
"52",0.105,"C.0.001-0.01","S. cerevisiae"
"53",0.1115,"A.no effect","S. cerevisiae"
"54",0.3638,"A.no effect","S. cerevisiae"
"55",0.0866,"A.no effect","S. cerevisiae"
"56",0.2232,"A.no effect","S. cerevisiae"
"57",0.0684,"C.0.001-0.01","S. cerevisiae"
"58",0.0868,"B.0-0.001","S. cerevisiae"
"59",0.14765,"A.no effect","S. cerevisiae"
"60",0.17325,"A.no effect","S. cerevisiae"
"61",0.1489,"A.no effect","S. cerevisiae"
"62",0.1015,"A.no effect","S. cerevisiae"
"63",0.09575,"A.no effect","S. cerevisiae"
"64",0.153,"A.no effect","S. cerevisiae"
"65",0.15745,"C.0.001-0.01","S. cerevisiae"
"66",0.1439,"A.no effect","S. cerevisiae"
"67",0.0974,"A.no effect","S. cerevisiae"
"68",0.1978,"A.no effect","S. cerevisiae"
"69",0.1416,"A.no effect","S. cerevisiae"
"70",0.0882,"A.no effect","S. cerevisiae"
"71",0.0637,"A.no effect","S. cerevisiae"
"72",0.086,"B.0-0.001","S. cerevisiae"
"73",0.1253,"A.no effect","S. cerevisiae"
"74",0.206,"A.no effect","S. cerevisiae"
"75",0.24645,"A.no effect","S. cerevisiae"
"76",0.0747,"A.no effect","S. cerevisiae"
"77",0.0993,"C.0.001-0.01","S. cerevisiae"
"78",0.15515,"A.no effect","S. cerevisiae"
"79",0.1048,"A.no effect","S. cerevisiae"
"80",0.2071,"A.no effect","S. cerevisiae"
"81",0.0969,"A.no effect","S. cerevisiae"
"82",0.0998,"A.no effect","S. cerevisiae"
"83",0.1783,"A.no effect","S. cerevisiae"
"84",0.2057,"A.no effect","S. cerevisiae"
"85",0.22775,"A.no effect","S. cerevisiae"
"86",0.2056,"A.no effect","S. cerevisiae"
"87",0.0781,"A.no effect","S. cerevisiae"
"88",0.0377,"A.no effect","S. cerevisiae"
"89",0.1399,"A.no effect","S. cerevisiae"
"90",0.0626,"B.0-0.001","S. cerevisiae"
"91",0.2672,"B.0-0.001","S. cerevisiae"
"92",0.1711,"A.no effect","S. cerevisiae"
"93",0.1968,"A.no effect","S. cerevisiae"
"94",0.2235,"A.no effect","S. cerevisiae"
"95",0.1055,"A.no effect","S. cerevisiae"
"96",0.1224,"A.no effect","S. cerevisiae"
"97",0.15745,"A.no effect","S. cerevisiae"
"98",0.0544,"A.no effect","S. cerevisiae"
"99",0.1863,"A.no effect","S. cerevisiae"
"100",0.1291,"C.0.001-0.01","S. cerevisiae"
"101",0.1017,"A.no effect","S. cerevisiae"
"102",0.0865,"A.no effect","S. cerevisiae"
"103",0.0648,"A.no effect","S. cerevisiae"
"104",0.0426,"A.no effect","S. cerevisiae"
"105",0.1138,"A.no effect","S. cerevisiae"
"106",0.1654,"A.no effect","S. cerevisiae"
"107",0.1943,"A.no effect","S. cerevisiae"
"108",0.1633,"A.no effect","S. cerevisiae"
"109",0.2185,"A.no effect","S. cerevisiae"
"110",0.10515,"A.no effect","S. cerevisiae"
"111",0.163,"A.no effect","S. cerevisiae"
"112",0.2003,"A.no effect","S. cerevisiae"
"113",0.0611,"A.no effect","S. cerevisiae"
"114",0.0842,"A.no effect","S. cerevisiae"
"115",0.2212,"A.no effect","S. cerevisiae"
"116",0.0788,"B.0-0.001","S. cerevisiae"
"117",0.0792,"A.no effect","S. cerevisiae"
"118",0.08255,"A.no effect","S. cerevisiae"
"119",0.1047,"A.no effect","S. cerevisiae"
"120",0.1883,"B.0-0.001","S. cerevisiae"
"121",0.0296,"A.no effect","S. cerevisiae"
"122",0.1465,"A.no effect","S. cerevisiae"
"123",0.0505,"A.no effect","S. cerevisiae"
"124",0.1253,"A.no effect","S. cerevisiae"
"125",0.1443,"A.no effect","S. cerevisiae"
"126",0.0788,"B.0-0.001","S. cerevisiae"
"127",0.0544,"A.no effect","S. cerevisiae"
"128",0.1144,"A.no effect","S. cerevisiae"
"129",0.1443,"A.no effect","S. cerevisiae"
"130",0.0831,"A.no effect","S. cerevisiae"
"131",0.0901,"A.no effect","S. cerevisiae"
"132",0.22815,"A.no effect","S. cerevisiae"
"133",0.1315,"A.no effect","S. cerevisiae"
"134",0.1748,"A.no effect","S. cerevisiae"
"135",0.2313,"A.no effect","S. cerevisiae"
"136",0.213,"A.no effect","S. cerevisiae"
"137",0.02335,"A.no effect","S. cerevisiae"
"138",0.0776,"A.no effect","S. cerevisiae"
"139",0.1874,"A.no effect","S. cerevisiae"
"140",0.0834,"A.no effect","S. cerevisiae"
"141",0.045,"D.0.01-0.05","S. cerevisiae"
"142",0.155,"A.no effect","S. cerevisiae"
"143",0.1973,"A.no effect","S. cerevisiae"
"144",0.0552,"A.no effect","S. cerevisiae"
"145",0.1954,"A.no effect","S. cerevisiae"
"146",0.1926,"A.no effect","S. cerevisiae"
"147",0.14395,"A.no effect","S. cerevisiae"
"148",0.09575,"A.no effect","S. cerevisiae"
"149",0.1348,"A.no effect","S. cerevisiae"
"150",0.0868,"A.no effect","S. cerevisiae"
"151",0.2343,"A.no effect","S. cerevisiae"
"152",0.0411,"B.0-0.001","S. cerevisiae"
"153",0.4239,"A.no effect","S. cerevisiae"
"154",0.08525,"A.no effect","S. cerevisiae"
"155",0.2757,"A.no effect","S. cerevisiae"
"156",0.1377,"A.no effect","S. cerevisiae"
"157",0.2197,"A.no effect","S. cerevisiae"
"158",0.1877,"A.no effect","S. cerevisiae"
"159",0.2798,"A.no effect","S. cerevisiae"
"160",0.1259,"A.no effect","S. cerevisiae"
"161",0.13785,"A.no effect","S. cerevisiae"
"162",0.21195,"A.no effect","S. cerevisiae"
"163",0.1698,"A.no effect","S. cerevisiae"
"164",0.13665,"A.no effect","S. cerevisiae"
"165",0.0944,"A.no effect","S. cerevisiae"
"166",0.20585,"A.no effect","S. cerevisiae"
"167",0.1841,"A.no effect","S. cerevisiae"
"168",0.1907,"A.no effect","S. cerevisiae"
"169",0.1464,"B.0-0.001","S. cerevisiae"
"170",0.1876,"A.no effect","S. cerevisiae"
"171",0.2204,"A.no effect","S. cerevisiae"
"172",0.2407,"A.no effect","S. cerevisiae"
"173",0.2516,"A.no effect","S. cerevisiae"
"174",0.1282,"A.no effect","S. cerevisiae"
"175",0.0501,"A.no effect","S. cerevisiae"
"176",0.1099,"A.no effect","S. cerevisiae"
"177",0.093,"A.no effect","S. cerevisiae"
"178",0.16,"A.no effect","S. cerevisiae"
"179",0.09305,"A.no effect","S. cerevisiae"
"180",0.035,"A.no effect","S. cerevisiae"
"181",0.2406,"A.no effect","S. cerevisiae"
"182",0.1407,"A.no effect","S. cerevisiae"
"183",0.07865,"C.0.001-0.01","S. cerevisiae"
"184",0.1491,"B.0-0.001","S. cerevisiae"
"185",0.169,"A.no effect","S. cerevisiae"
"186",0.125,"A.no effect","S. cerevisiae"
"187",0.1098,"A.no effect","S. cerevisiae"
"188",0.141,"A.no effect","S. cerevisiae"
"189",0.117,"A.no effect","S. cerevisiae"
"190",0.0787,"C.0.001-0.01","S. cerevisiae"
"191",0.0448,"A.no effect","S. cerevisiae"
"192",0.24,"A.no effect","S. cerevisiae"
"193",0.1587,"A.no effect","S. cerevisiae"
"194",0.06645,"A.no effect","S. cerevisiae"
"195",0.118,"A.no effect","S. cerevisiae"
"196",0.0461,"A.no effect","S. cerevisiae"
"197",0.1375,"A.no effect","S. cerevisiae"
"198",0.0814,"A.no effect","S. cerevisiae"
"199",0.1,"B.0-0.001","S. cerevisiae"
"200",0.1671,"A.no effect","S. cerevisiae"
"201",0.11915,"A.no effect","S. cerevisiae"
"202",0.2346,"A.no effect","S. cerevisiae"
"203",0.1847,"A.no effect","S. cerevisiae"
"204",0.1693,"A.no effect","S. cerevisiae"
"205",0.23,"A.no effect","S. cerevisiae"
"206",0.1007,"A.no effect","S. cerevisiae"
"207",0.0849,"A.no effect","S. cerevisiae"
"208",0.1122,"A.no effect","S. cerevisiae"
"209",0.067,"C.0.001-0.01","S. cerevisiae"
"210",0.0765,"A.no effect","S. cerevisiae"
"211",0.0735,"A.no effect","S. cerevisiae"
"212",0.1664,"A.no effect","S. cerevisiae"
"213",0.1006,"A.no effect","S. cerevisiae"
"214",0.06365,"B.0-0.001","S. cerevisiae"
"215",0.1045,"A.no effect","S. cerevisiae"
"216",0.19705,"A.no effect","S. cerevisiae"
"217",0.0742,"A.no effect","S. cerevisiae"
"218",0.139,"B.0-0.001","S. cerevisiae"
"219",0.1428,"A.no effect","S. cerevisiae"
"220",0.05425,"A.no effect","S. cerevisiae"
"221",0.1891,"A.no effect","S. cerevisiae"
"222",0.1833,"A.no effect","S. cerevisiae"
"223",0.1782,"A.no effect","S. cerevisiae"
"224",0.0721,"B.0-0.001","S. cerevisiae"
"225",0.2212,"A.no effect","S. cerevisiae"
"226",0.0583,"A.no effect","S. cerevisiae"
"227",0.1342,"A.no effect","S. cerevisiae"
"228",0.0982,"C.0.001-0.01","S. cerevisiae"
"229",0.1095,"A.no effect","S. cerevisiae"
"230",0.1558,"A.no effect","S. cerevisiae"
"231",0.1056,"D.0.01-0.05","S. cerevisiae"
"232",0.1383,"A.no effect","S. cerevisiae"
"233",0.028,"A.no effect","S. cerevisiae"
"234",0.12965,"A.no effect","S. cerevisiae"
"235",0.2216,"A.no effect","S. cerevisiae"
"236",0.1526,"A.no effect","S. cerevisiae"
"237",0.1186,"C.0.001-0.01","S. cerevisiae"
"238",0.0717,"A.no effect","S. cerevisiae"
"239",0.1266,"A.no effect","S. cerevisiae"
"240",0.1313,"A.no effect","S. cerevisiae"
"241",0.1112,"A.no effect","S. cerevisiae"
"242",0.0704,"C.0.001-0.01","S. cerevisiae"
"243",0.1738,"A.no effect","S. cerevisiae"
"244",0.08275,"A.no effect","S. cerevisiae"
"245",0.1,"A.no effect","S. cerevisiae"
"246",0.1552,"A.no effect","S. cerevisiae"
"247",0.1945,"A.no effect","S. cerevisiae"
"248",0.0634,"A.no effect","S. cerevisiae"
"249",0.0841,"A.no effect","S. cerevisiae"
"250",0.1657,"A.no effect","S. cerevisiae"
"251",0.1033,"D.0.01-0.05","S. cerevisiae"
"252",0.1669,"A.no effect","S. cerevisiae"
"253",0.19255,"A.no effect","S. cerevisiae"
"254",0.1172,"A.no effect","S. cerevisiae"
"255",0.08335,"A.no effect","S. cerevisiae"
"256",0.227,"A.no effect","S. cerevisiae"
"257",0.0806,"A.no effect","S. cerevisiae"
"258",0.2287,"B.0-0.001","S. cerevisiae"
"259",0.12745,"A.no effect","S. cerevisiae"
"260",0.1317,"A.no effect","S. cerevisiae"
"261",0.10745,"A.no effect","S. cerevisiae"
"262",0.191,"B.0-0.001","S. cerevisiae"
"263",0.1998,"B.0-0.001","S. cerevisiae"
"264",0.2349,"A.no effect","S. cerevisiae"
"265",0.1037,"A.no effect","S. cerevisiae"
"266",0.10025,"A.no effect","S. cerevisiae"
"267",0.1127,"C.0.001-0.01","S. cerevisiae"
"268",0.1038,"D.0.01-0.05","S. cerevisiae"
"269",0.1871,"A.no effect","S. cerevisiae"
"270",0.11385,"A.no effect","S. cerevisiae"
"271",0.32395,"A.no effect","S. cerevisiae"
"272",0.1806,"A.no effect","S. cerevisiae"
"273",0.1058,"A.no effect","S. cerevisiae"
"274",0.0703,"A.no effect","S. cerevisiae"
"275",0.1059,"A.no effect","S. cerevisiae"
"276",0.2158,"A.no effect","S. cerevisiae"
"277",0.2069,"A.no effect","S. cerevisiae"
"278",0.0842,"C.0.001-0.01","S. cerevisiae"
"279",0.2794,"A.no effect","S. cerevisiae"
"280",0.0351,"A.no effect","S. cerevisiae"
"281",0.0771,"B.0-0.001","S. cerevisiae"
"282",0.1663,"A.no effect","S. cerevisiae"
"283",0.1088,"A.no effect","S. cerevisiae"
"284",0.1866,"A.no effect","S. cerevisiae"
"285",0.1156,"A.no effect","S. cerevisiae"
"286",0.1394,"A.no effect","S. cerevisiae"
"287",0.1698,"A.no effect","S. cerevisiae"
"288",0.1864,"A.no effect","S. cerevisiae"
"289",0.1932,"D.0.01-0.05","S. cerevisiae"
"290",0.1458,"A.no effect","S. cerevisiae"
"291",0.1581,"A.no effect","S. cerevisiae"
"292",0.1933,"B.0-0.001","S. cerevisiae"
"293",0.066,"C.0.001-0.01","S. cerevisiae"
"294",0.1594,"B.0-0.001","S. cerevisiae"
"295",0.0678,"A.no effect","S. cerevisiae"
"296",0.0749,"A.no effect","S. cerevisiae"
"297",0.1717,"A.no effect","S. cerevisiae"
"298",0.1364,"B.0-0.001","S. cerevisiae"
"299",0.3709,"A.no effect","S. cerevisiae"
"300",0.2577,"A.no effect","S. cerevisiae"
"301",0.186,"A.no effect","S. cerevisiae"
"302",0.1325,"A.no effect","S. cerevisiae"
"303",0.2781,"A.no effect","S. cerevisiae"
"304",0.2033,"A.no effect","S. cerevisiae"
"305",0.162,"A.no effect","S. cerevisiae"
"306",0.0802,"A.no effect","S. cerevisiae"
"307",0.0918,"D.0.01-0.05","S. cerevisiae"
"308",0.04545,"A.no effect","S. cerevisiae"
"309",0.2169,"A.no effect","S. cerevisiae"
"310",0.1784,"A.no effect","S. cerevisiae"
"311",0.0903,"A.no effect","S. cerevisiae"
"312",0.0461,"A.no effect","S. cerevisiae"
"313",0.23685,"A.no effect","S. cerevisiae"
"314",0.09515,"A.no effect","S. cerevisiae"
"315",0.2412,"B.0-0.001","S. cerevisiae"
"316",0.0841,"B.0-0.001","S. cerevisiae"
"317",0.1067,"A.no effect","S. cerevisiae"
"318",0.1646,"C.0.001-0.01","S. cerevisiae"
"319",0.0484,"A.no effect","S. cerevisiae"
"320",0.1045,"C.0.001-0.01","S. cerevisiae"
"321",0.1027,"B.0-0.001","S. cerevisiae"
"322",0.0594,"A.no effect","S. cerevisiae"
"323",0.10855,"A.no effect","S. cerevisiae"
"324",0.1228,"A.no effect","S. cerevisiae"
"325",0.1221,"B.0-0.001","S. cerevisiae"
"326",0.1193,"A.no effect","S. cerevisiae"
"327",0.0473,"B.0-0.001","S. cerevisiae"
"328",0.21635,"A.no effect","S. cerevisiae"
"329",0.2427,"A.no effect","S. cerevisiae"
"330",0.0544,"A.no effect","S. cerevisiae"
"331",0.0317,"B.0-0.001","S. cerevisiae"
"332",0.0524,"A.no effect","S. cerevisiae"
"333",0.1171,"A.no effect","S. cerevisiae"
"334",0.152,"A.no effect","S. cerevisiae"
"335",0.0752,"A.no effect","S. cerevisiae"
"336",0.2675,"A.no effect","S. cerevisiae"
"337",0.1923,"A.no effect","S. cerevisiae"
"338",0.0494,"A.no effect","S. cerevisiae"
"339",0.1579,"A.no effect","S. cerevisiae"
"340",0.1161,"A.no effect","S. cerevisiae"
"341",0.1309,"C.0.001-0.01","S. cerevisiae"
"342",0.16195,"A.no effect","S. cerevisiae"
"343",0.1089,"A.no effect","S. cerevisiae"
"344",0.1762,"A.no effect","S. cerevisiae"
"345",0.1484,"A.no effect","S. cerevisiae"
"346",0.10135,"A.no effect","S. cerevisiae"
"347",0.0801,"A.no effect","S. cerevisiae"
"348",0.0768,"C.0.001-0.01","S. cerevisiae"
"349",0.0592,"A.no effect","S. cerevisiae"
"350",0.0887,"B.0-0.001","S. cerevisiae"
"351",0.1661,"A.no effect","S. cerevisiae"
"352",0.0192,"A.no effect","S. cerevisiae"
"353",0.176,"A.no effect","S. cerevisiae"
"354",0.1114,"A.no effect","S. cerevisiae"
"355",0.0592,"A.no effect","S. cerevisiae"
"356",0.0825,"A.no effect","S. cerevisiae"
"357",0.1013,"A.no effect","S. cerevisiae"
"358",0.1648,"A.no effect","S. cerevisiae"
"359",0.10835,"A.no effect","S. cerevisiae"
"360",0.1244,"A.no effect","S. cerevisiae"
"361",0.1452,"A.no effect","S. cerevisiae"
"362",0.1136,"B.0-0.001","S. cerevisiae"
"363",0.163,"A.no effect","S. cerevisiae"
"364",0.094,"A.no effect","S. cerevisiae"
"365",0.1161,"A.no effect","S. cerevisiae"
"366",0.0911,"A.no effect","S. cerevisiae"
"367",0.0405,"A.no effect","S. cerevisiae"
"368",0.1865,"A.no effect","S. cerevisiae"
"369",0.1201,"A.no effect","S. cerevisiae"
"370",0.1105,"A.no effect","S. cerevisiae"
"371",0.1907,"A.no effect","S. cerevisiae"
"372",0.11685,"A.no effect","S. cerevisiae"
"373",0.1647,"A.no effect","S. cerevisiae"
"374",0.18065,"A.no effect","S. cerevisiae"
"375",0.1147,"A.no effect","S. cerevisiae"
"376",0.1299,"A.no effect","S. cerevisiae"
"377",0.115,"B.0-0.001","S. cerevisiae"
"378",0.1805,"A.no effect","S. cerevisiae"
"379",0.17035,"A.no effect","S. cerevisiae"
"380",0.0926,"A.no effect","S. cerevisiae"
"381",0.0971,"C.0.001-0.01","S. cerevisiae"
"382",0.01695,"A.no effect","S. cerevisiae"
"383",0.2177,"B.0-0.001","S. cerevisiae"
"384",0.0983,"C.0.001-0.01","S. cerevisiae"
"385",0.17095,"A.no effect","S. cerevisiae"
"386",0.1328,"A.no effect","S. cerevisiae"
"387",0.09955,"A.no effect","S. cerevisiae"
"388",0.1191,"A.no effect","S. cerevisiae"
"389",0.1722,"A.no effect","S. cerevisiae"
"390",0.062,"C.0.001-0.01","S. cerevisiae"
"391",0.164,"A.no effect","S. cerevisiae"
"392",0.0998,"A.no effect","S. cerevisiae"
"393",0.1012,"A.no effect","S. cerevisiae"
"394",0.1602,"A.no effect","S. cerevisiae"
"395",0.1432,"A.no effect","S. cerevisiae"
"396",0.16,"A.no effect","S. cerevisiae"
"397",0.0701,"A.no effect","S. cerevisiae"
"398",0.1538,"A.no effect","S. cerevisiae"
"399",0.1178,"A.no effect","S. cerevisiae"
"400",0.0585,"A.no effect","S. cerevisiae"
"401",0.1453,"B.0-0.001","S. cerevisiae"
"402",0.05,"A.no effect","S. cerevisiae"
"403",0.0921,"A.no effect","S. cerevisiae"
"404",0.1054,"A.no effect","S. cerevisiae"
"405",0.10095,"A.no effect","S. cerevisiae"
"406",0.1212,"B.0-0.001","S. cerevisiae"
"407",0.11,"A.no effect","S. cerevisiae"
"408",0.2952,"A.no effect","S. cerevisiae"
"409",0.11595,"A.no effect","S. cerevisiae"
"410",0.0881,"B.0-0.001","S. cerevisiae"
"411",0.1029,"A.no effect","S. cerevisiae"
"412",0.1172,"A.no effect","S. cerevisiae"
"413",0.1979,"A.no effect","S. cerevisiae"
"414",0.2419,"A.no effect","S. cerevisiae"
"415",0.0972,"A.no effect","S. cerevisiae"
"416",0.1377,"A.no effect","S. cerevisiae"
"417",0.0243,"B.0-0.001","S. cerevisiae"
"418",0.047,"A.no effect","S. cerevisiae"
"419",0.1924,"A.no effect","S. cerevisiae"
"420",0.0678,"A.no effect","S. cerevisiae"
"421",0.1233,"B.0-0.001","S. cerevisiae"
"422",0.115,"A.no effect","S. cerevisiae"
"423",0.2089,"A.no effect","S. cerevisiae"
"424",0.1273,"A.no effect","S. cerevisiae"
"425",0.1045,"A.no effect","S. cerevisiae"
"426",0.08385,"A.no effect","S. cerevisiae"
"427",0.1181,"A.no effect","S. cerevisiae"
"428",0.0599,"A.no effect","S. cerevisiae"
"429",0.2323,"A.no effect","S. cerevisiae"
"430",0.0665,"B.0-0.001","S. cerevisiae"
"431",0.1502,"A.no effect","S. cerevisiae"
"432",0.15155,"A.no effect","S. cerevisiae"
"433",0.2211,"A.no effect","S. cerevisiae"
"434",0.058,"A.no effect","S. cerevisiae"
"435",0.1316,"A.no effect","S. cerevisiae"
"436",0.0924,"A.no effect","S. cerevisiae"
"437",0.12685,"A.no effect","S. cerevisiae"
"438",0.0513,"D.0.01-0.05","S. cerevisiae"
"439",0.1134,"D.0.01-0.05","S. cerevisiae"
"440",0.1706,"A.no effect","S. cerevisiae"
"441",0.1354,"A.no effect","S. cerevisiae"
"442",0.1032,"A.no effect","S. cerevisiae"
"443",0.0946,"A.no effect","S. cerevisiae"
"444",0.35065,"B.0-0.001","S. cerevisiae"
"445",0.2627,"A.no effect","S. cerevisiae"
"446",0.0972,"A.no effect","S. cerevisiae"
"447",0.0136,"A.no effect","S. cerevisiae"
"448",0.1255,"A.no effect","S. cerevisiae"
"449",0.1834,"A.no effect","S. cerevisiae"
"450",0.1225,"A.no effect","S. cerevisiae"
"451",0.1578,"A.no effect","S. cerevisiae"
"452",0.1018,"A.no effect","S. cerevisiae"
"453",0.1898,"A.no effect","S. cerevisiae"
"454",0.04755,"A.no effect","S. cerevisiae"
"455",0.04545,"A.no effect","S. cerevisiae"
"456",0.1064,"C.0.001-0.01","S. cerevisiae"
"457",0.1031,"A.no effect","S. cerevisiae"
"458",0.13645,"A.no effect","S. cerevisiae"
"459",0.0475,"A.no effect","S. cerevisiae"
"460",0.08215,"A.no effect","S. cerevisiae"
"461",0.1223,"A.no effect","S. cerevisiae"
"462",0.3212,"A.no effect","S. cerevisiae"
"463",0.1181,"A.no effect","S. cerevisiae"
"464",0.09685,"A.no effect","S. cerevisiae"
"465",0.2522,"A.no effect","S. cerevisiae"
"466",0.0838,"A.no effect","S. cerevisiae"
"467",0.29415,"A.no effect","S. cerevisiae"
"468",0.112,"A.no effect","S. cerevisiae"
"469",0.1299,"A.no effect","S. cerevisiae"
"470",0.1008,"C.0.001-0.01","S. cerevisiae"
"471",0.24985,"A.no effect","S. cerevisiae"
"472",0.16665,"A.no effect","S. cerevisiae"
"473",0.1407,"A.no effect","S. cerevisiae"
"474",0.1714,"A.no effect","S. cerevisiae"
"475",0.1391,"A.no effect","S. cerevisiae"
"476",0.2215,"A.no effect","S. cerevisiae"
"477",0.0847,"A.no effect","S. cerevisiae"
"478",0.142,"A.no effect","S. cerevisiae"
"479",0.3084,"A.no effect","S. cerevisiae"
"480",0.1598,"A.no effect","S. cerevisiae"
"481",0.12615,"A.no effect","S. cerevisiae"
"482",0.1034,"A.no effect","S. cerevisiae"
"483",0.2243,"A.no effect","S. cerevisiae"
"484",0.1514,"A.no effect","S. cerevisiae"
"485",0.09865,"A.no effect","S. cerevisiae"
"486",0.11,"A.no effect","S. cerevisiae"
"487",0.0889,"A.no effect","S. cerevisiae"
"488",0.2524,"A.no effect","S. cerevisiae"
"489",0.081,"A.no effect","S. cerevisiae"
"490",0.20125,"A.no effect","S. cerevisiae"
"491",0.1944,"A.no effect","S. cerevisiae"
"492",0.1348,"A.no effect","S. cerevisiae"
"493",0.0692,"A.no effect","S. cerevisiae"
"494",0.1565,"A.no effect","S. cerevisiae"
"495",0.09585,"A.no effect","S. cerevisiae"
"496",0.013,"A.no effect","S. cerevisiae"
"497",0.1226,"A.no effect","S. cerevisiae"
"498",0.0941,"D.0.01-0.05","S. cerevisiae"
"499",0.0758,"C.0.001-0.01","S. cerevisiae"
"500",0.0532,"C.0.001-0.01","S. cerevisiae"
"501",0.1553,"A.no effect","S. cerevisiae"
"502",0.04375,"A.no effect","S. cerevisiae"
"503",0.1172,"A.no effect","S. cerevisiae"
"504",0.2185,"A.no effect","S. cerevisiae"
"505",0.1554,"B.0-0.001","S. cerevisiae"
"506",0.01225,"A.no effect","S. cerevisiae"
"507",0.133,"C.0.001-0.01","S. cerevisiae"
"508",0.0551,"A.no effect","S. cerevisiae"
"509",0.3174,"A.no effect","S. cerevisiae"
"510",0.0892,"A.no effect","S. cerevisiae"
"511",0.02195,"A.no effect","S. cerevisiae"
"512",0.0869,"A.no effect","S. cerevisiae"
"513",0.1323,"A.no effect","S. cerevisiae"
"514",0.0299,"A.no effect","S. cerevisiae"
"515",0.0822,"A.no effect","S. cerevisiae"
"516",0.0764,"A.no effect","S. cerevisiae"
"517",0.04025,"A.no effect","S. cerevisiae"
"518",0.14045,"B.0-0.001","S. cerevisiae"
"519",0.2263,"A.no effect","S. cerevisiae"
"520",0.07665,"A.no effect","S. cerevisiae"
"521",0.1357,"A.no effect","S. cerevisiae"
"522",0.179,"A.no effect","S. cerevisiae"
"523",0.0985,"A.no effect","S. cerevisiae"
"524",0.08445,"B.0-0.001","S. cerevisiae"
"525",0.2045,"A.no effect","S. cerevisiae"
"526",0.0857,"D.0.01-0.05","S. cerevisiae"
"527",0.1394,"A.no effect","S. cerevisiae"
"528",0.3518,"A.no effect","S. cerevisiae"
"529",0.0596,"A.no effect","S. cerevisiae"
"530",0.2319,"A.no effect","S. cerevisiae"
"531",0.1457,"A.no effect","S. cerevisiae"
"532",0.1242,"A.no effect","S. cerevisiae"
"533",0.2498,"A.no effect","S. cerevisiae"
"534",0.1656,"A.no effect","S. cerevisiae"
"535",0.1937,"A.no effect","S. cerevisiae"
"536",0.0655,"C.0.001-0.01","S. cerevisiae"
"537",0.18275,"A.no effect","S. cerevisiae"
"538",0.207,"A.no effect","S. cerevisiae"
"539",0.0571,"C.0.001-0.01","S. cerevisiae"
"540",0.1025,"A.no effect","S. cerevisiae"
"541",0.0401,"A.no effect","S. cerevisiae"
"542",0.084,"A.no effect","S. cerevisiae"
"543",0.0931,"A.no effect","S. cerevisiae"
"544",0.1039,"A.no effect","S. cerevisiae"
"545",0.1918,"B.0-0.001","S. cerevisiae"
"546",0.2121,"A.no effect","S. cerevisiae"
"547",0.0497,"C.0.001-0.01","S. cerevisiae"
"548",0.1938,"C.0.001-0.01","S. cerevisiae"
"549",0.1099,"A.no effect","S. cerevisiae"
"550",0.1082,"A.no effect","S. cerevisiae"
"551",0.228,"B.0-0.001","S. cerevisiae"
"552",0.1371,"A.no effect","S. cerevisiae"
"553",0.0921,"A.no effect","S. cerevisiae"
"554",0.1262,"A.no effect","S. cerevisiae"
"555",0.1261,"A.no effect","S. cerevisiae"
"556",0.2207,"A.no effect","S. cerevisiae"
"557",0.2186,"A.no effect","S. cerevisiae"
"558",0.1707,"A.no effect","S. cerevisiae"
"559",0.2197,"A.no effect","S. cerevisiae"
"560",0.1786,"A.no effect","S. cerevisiae"
"561",0.0541,"B.0-0.001","S. cerevisiae"
"562",0.22285,"A.no effect","S. cerevisiae"
"563",0.0773,"A.no effect","S. cerevisiae"
"564",0.0416,"A.no effect","S. cerevisiae"
"565",0.12635,"A.no effect","S. cerevisiae"
"566",0.08785,"A.no effect","S. cerevisiae"
"567",0.38875,"A.no effect","S. cerevisiae"
"568",0.16105,"A.no effect","S. cerevisiae"
"569",0.2071,"A.no effect","S. cerevisiae"
"570",0.1258,"C.0.001-0.01","S. cerevisiae"
"571",0.1848,"A.no effect","S. cerevisiae"
"572",0.2117,"A.no effect","S. cerevisiae"
"573",0.0705,"B.0-0.001","S. cerevisiae"
"574",0.0799,"A.no effect","S. cerevisiae"
"575",0.1445,"A.no effect","S. cerevisiae"
"576",0.1952,"A.no effect","S. cerevisiae"
"577",0.16505,"A.no effect","S. cerevisiae"
"578",0.07355,"D.0.01-0.05","S. cerevisiae"
"579",0.1109,"A.no effect","S. cerevisiae"
"580",0.11425,"A.no effect","S. cerevisiae"
"581",0.2269,"A.no effect","S. cerevisiae"
"582",0.0768,"B.0-0.001","S. cerevisiae"
"583",0.0301,"A.no effect","S. cerevisiae"
"584",0.0763,"B.0-0.001","S. cerevisiae"
"585",0.122,"A.no effect","S. cerevisiae"
"586",0.2174,"A.no effect","S. cerevisiae"
"587",0.0218,"A.no effect","S. cerevisiae"
"588",0.1186,"A.no effect","S. cerevisiae"
"589",0.06015,"A.no effect","S. cerevisiae"
"590",0.0996,"D.0.01-0.05","S. cerevisiae"
"591",0.1371,"A.no effect","S. cerevisiae"
"592",0.2295,"A.no effect","S. cerevisiae"
"593",0.1078,"A.no effect","S. cerevisiae"
"594",0.1321,"A.no effect","S. cerevisiae"
"595",0.1324,"A.no effect","S. cerevisiae"
"596",0.0727,"B.0-0.001","S. cerevisiae"
"597",0.07295,"A.no effect","S. cerevisiae"
"598",0.1601,"A.no effect","S. cerevisiae"
"599",0.0621,"C.0.001-0.01","S. cerevisiae"
"600",0.1642,"A.no effect","S. cerevisiae"
"601",0.3281,"A.no effect","S. cerevisiae"
"602",0.2723,"A.no effect","S. cerevisiae"
"603",0.1,"A.no effect","S. cerevisiae"
"604",0.0966,"A.no effect","S. cerevisiae"
"605",0.1052,"C.0.001-0.01","S. cerevisiae"
"606",0.1176,"A.no effect","S. cerevisiae"
"607",0.264,"A.no effect","S. cerevisiae"
"608",0.1536,"A.no effect","S. cerevisiae"
"609",0.1562,"A.no effect","S. cerevisiae"
"610",0.1565,"A.no effect","S. cerevisiae"
"611",0.074,"A.no effect","S. cerevisiae"
"612",0.0816,"A.no effect","S. cerevisiae"
"613",0.1183,"A.no effect","S. cerevisiae"
"614",0.15465,"B.0-0.001","S. cerevisiae"
"615",0.21565,"A.no effect","S. cerevisiae"
"616",0.0317,"B.0-0.001","S. cerevisiae"
"617",0.04635,"A.no effect","S. cerevisiae"
"618",0.27905,"A.no effect","S. cerevisiae"
"619",0.13145,"A.no effect","S. cerevisiae"
"620",0.0566,"C.0.001-0.01","S. cerevisiae"
"621",0.17485,"A.no effect","S. cerevisiae"
"622",0.219,"A.no effect","S. cerevisiae"
"623",0.1028,"B.0-0.001","S. cerevisiae"
"624",0.1213,"A.no effect","S. cerevisiae"
"625",0.2283,"A.no effect","S. cerevisiae"
"626",0.1663,"A.no effect","S. cerevisiae"
"627",0.0184,"A.no effect","S. cerevisiae"
"628",0.05825,"A.no effect","S. cerevisiae"
"629",0.0288,"A.no effect","S. cerevisiae"
"630",0.0513,"C.0.001-0.01","S. cerevisiae"
"631",0.1525,"A.no effect","S. cerevisiae"
"632",0.0418,"A.no effect","S. cerevisiae"
"633",0.155,"C.0.001-0.01","S. cerevisiae"
"634",0.08245,"A.no effect","S. cerevisiae"
"635",0.1259,"A.no effect","S. cerevisiae"
"636",0.1325,"A.no effect","S. cerevisiae"
"637",0.09475,"B.0-0.001","S. cerevisiae"
"638",0.0607,"A.no effect","S. cerevisiae"
"639",0.066,"A.no effect","S. cerevisiae"
"640",0.2008,"A.no effect","S. cerevisiae"
"641",0.2083,"A.no effect","S. cerevisiae"
"642",0.177,"A.no effect","S. cerevisiae"
"643",0.1318,"A.no effect","S. cerevisiae"
"644",0.0758,"C.0.001-0.01","S. cerevisiae"
"645",0.15835,"B.0-0.001","S. cerevisiae"
"646",0.1304,"A.no effect","S. cerevisiae"
"647",0.1396,"C.0.001-0.01","S. cerevisiae"
"648",0.0684,"A.no effect","S. cerevisiae"
"649",0.0342,"A.no effect","S. cerevisiae"
"650",0.1153,"A.no effect","S. cerevisiae"
"651",0.2885,"A.no effect","S. cerevisiae"
"652",0.1695,"A.no effect","S. cerevisiae"
"653",0.1318,"A.no effect","S. cerevisiae"
"654",0.0593,"A.no effect","S. cerevisiae"
"655",0.12705,"A.no effect","S. cerevisiae"
"656",0.2076,"A.no effect","S. cerevisiae"
"657",0.2434,"C.0.001-0.01","S. cerevisiae"
"658",0.0974,"A.no effect","S. cerevisiae"
"659",0.0711,"A.no effect","S. cerevisiae"
"660",0.21855,"A.no effect","S. cerevisiae"
"661",0.132,"A.no effect","S. cerevisiae"
"662",0.0984,"A.no effect","S. cerevisiae"
"663",0.1884,"A.no effect","S. cerevisiae"
"664",0.0706,"B.0-0.001","S. cerevisiae"
"665",0.1723,"A.no effect","S. cerevisiae"
"666",0.209,"A.no effect","S. cerevisiae"
"667",0.3229,"A.no effect","S. cerevisiae"
"668",0.143,"A.no effect","S. cerevisiae"
"669",0.1521,"A.no effect","S. cerevisiae"
"670",0.1318,"A.no effect","S. cerevisiae"
"671",0.06625,"A.no effect","S. cerevisiae"
"672",0.1622,"A.no effect","S. cerevisiae"
"673",0.1967,"A.no effect","S. cerevisiae"
"674",0.0502,"A.no effect","S. cerevisiae"
"675",0.0609,"A.no effect","S. cerevisiae"
"676",0.2027,"A.no effect","S. cerevisiae"
"677",0.2621,"A.no effect","S. cerevisiae"
"678",0.1287,"A.no effect","S. cerevisiae"
"679",0.15525,"A.no effect","S. cerevisiae"
"680",0.1041,"A.no effect","S. cerevisiae"
"681",0.2442,"A.no effect","S. cerevisiae"
"682",0.1831,"A.no effect","S. cerevisiae"
"683",0.1396,"A.no effect","S. cerevisiae"
"684",0.1311,"A.no effect","S. cerevisiae"
"685",0.1154,"A.no effect","S. cerevisiae"
"686",0.122,"A.no effect","S. cerevisiae"
"687",0.26585,"A.no effect","S. cerevisiae"
"688",0.081,"C.0.001-0.01","S. cerevisiae"
"689",0.12,"A.no effect","S. cerevisiae"
"690",0.1289,"A.no effect","S. cerevisiae"
"691",0.149,"A.no effect","S. cerevisiae"
"692",0.1265,"A.no effect","S. cerevisiae"
"693",0.0887,"A.no effect","S. cerevisiae"
"694",0.1466,"A.no effect","S. cerevisiae"
"695",0.1358,"A.no effect","S. cerevisiae"
"696",0.0884,"D.0.01-0.05","S. cerevisiae"
"697",0.0546,"A.no effect","S. cerevisiae"
"698",0.0393,"A.no effect","S. cerevisiae"
"699",0.0667,"A.no effect","S. cerevisiae"
"700",0.18605,"A.no effect","S. cerevisiae"
"701",0.2202,"A.no effect","S. cerevisiae"
"702",0.2205,"A.no effect","S. cerevisiae"
"703",0.2002,"A.no effect","S. cerevisiae"
"704",0.0746,"A.no effect","S. cerevisiae"
"705",0.1074,"A.no effect","S. cerevisiae"
"706",0.0812,"A.no effect","S. cerevisiae"
"707",0.13115,"A.no effect","S. cerevisiae"
"708",0.1522,"A.no effect","S. cerevisiae"
"709",0.0256,"A.no effect","S. cerevisiae"
"710",0.0669,"B.0-0.001","S. cerevisiae"
"711",0.0508,"B.0-0.001","S. cerevisiae"
"712",0.3921,"A.no effect","S. cerevisiae"
"713",0.1478,"A.no effect","S. cerevisiae"
"714",0.1234,"A.no effect","S. cerevisiae"
"715",0.0815,"A.no effect","S. cerevisiae"
"716",0.0858,"B.0-0.001","S. cerevisiae"
"717",0.1817,"A.no effect","S. cerevisiae"
"718",0.1927,"A.no effect","S. cerevisiae"
"719",0.09095,"A.no effect","S. cerevisiae"
"720",0.3803,"A.no effect","S. cerevisiae"
"721",0.2069,"A.no effect","S. cerevisiae"
"722",0.0681,"A.no effect","S. cerevisiae"
"723",0.0686,"A.no effect","S. cerevisiae"
"724",0.1522,"B.0-0.001","S. cerevisiae"
"725",0.0325,"B.0-0.001","S. cerevisiae"
"726",0.0461,"A.no effect","S. cerevisiae"
"727",0.186,"C.0.001-0.01","S. cerevisiae"
"728",0.27905,"A.no effect","S. pombe"
"729",0.0982,"B.0-0.001","S. pombe"
"730",0.0763,"A.no effect","S. pombe"
"731",0.0692,"B.0-0.001","S. pombe"
"732",0.1865,"A.no effect","S. pombe"
"733",0.067,"C.0.001-0.01","S. pombe"
"734",0.0684,"A.no effect","S. pombe"
"735",0.1146,"C.0.001-0.01","S. pombe"
"736",0.13645,"A.no effect","S. pombe"
"737",0.1884,"A.no effect","S. pombe"
"738",0.08785,"A.no effect","S. pombe"
"739",0.1342,"A.no effect","S. pombe"
"740",0.1478,"B.0-0.001","S. pombe"
"741",0.066,"A.no effect","S. pombe"
"742",0.0892,"A.no effect","S. pombe"
"743",0.1432,"B.0-0.001","S. pombe"
"744",0.04545,"A.no effect","S. pombe"
"745",0.1038,"C.0.001-0.01","S. pombe"
"746",0.1968,"A.no effect","S. pombe"
"747",0.0411,"C.0.001-0.01","S. pombe"
"748",0.0596,"A.no effect","S. pombe"
"749",0.1,"D.0.01-0.05","S. pombe"
"750",0.0703,"A.no effect","S. pombe"
"751",0.1452,"A.no effect","S. pombe"
"752",0.1262,"A.no effect","S. pombe"
"753",0.3084,"A.no effect","S. pombe"
"754",0.02335,"A.no effect","S. pombe"
"755",0.1602,"A.no effect","S. pombe"
"756",0.0494,"A.no effect","S. pombe"
"757",0.2235,"A.no effect","S. pombe"
"758",0.1383,"A.no effect","S. pombe"
"759",0.2407,"A.no effect","S. pombe"
"760",0.0783,"A.no effect","S. pombe"
"761",0.0866,"A.no effect","S. pombe"
"762",0.0706,"D.0.01-0.05","S. pombe"
"763",0.1054,"A.no effect","S. pombe"
"764",0.2263,"B.0-0.001","S. pombe"
"765",0.20005,"A.no effect","S. pombe"
"766",0.0998,"A.no effect","S. pombe"
"767",0.1045,"A.no effect","S. pombe"
"768",0.1052,"C.0.001-0.01","S. pombe"
"769",0.1354,"A.no effect","S. pombe"
"770",0.1784,"A.no effect","S. pombe"
"771",0.2798,"B.0-0.001","S. pombe"
"772",0.1864,"A.no effect","S. pombe"
"773",0.0611,"C.0.001-0.01","S. pombe"
"774",0.17095,"A.no effect","S. pombe"
"775",0.1321,"A.no effect","S. pombe"
"776",0.0594,"A.no effect","S. pombe"
"777",0.066,"B.0-0.001","S. pombe"
"778",0.08625,"A.no effect","S. pombe"
"779",0.2216,"B.0-0.001","S. pombe"
"780",0.1186,"A.no effect","S. pombe"
"781",0.179,"B.0-0.001","S. pombe"
"782",0.0834,"A.no effect","S. pombe"
"783",0.16195,"A.no effect","S. pombe"
"784",0.0887,"B.0-0.001","S. pombe"
"785",0.115,"B.0-0.001","S. pombe"
"786",0.163,"B.0-0.001","S. pombe"
"787",0.1698,"A.no effect","S. pombe"
"788",0.1025,"A.no effect","S. pombe"
"789",0.09095,"A.no effect","S. pombe"
"790",0.1738,"A.no effect","S. pombe"
"791",0.0788,"B.0-0.001","S. pombe"
"792",0.0889,"A.no effect","S. pombe"
"793",0.0771,"D.0.01-0.05","S. pombe"
"794",0.1265,"A.no effect","S. pombe"
"795",0.1844,"A.no effect","S. pombe"
"796",0.2232,"A.no effect","S. pombe"
"797",0.1657,"A.no effect","S. pombe"
"798",0.1037,"B.0-0.001","S. pombe"
"799",0.1944,"A.no effect","S. pombe"
"800",0.2928,"A.no effect","S. pombe"
"801",0.1201,"B.0-0.001","S. pombe"
"802",0.0842,"D.0.01-0.05","S. pombe"
"803",0.0983,"C.0.001-0.01","S. pombe"
"804",0.24,"A.no effect","S. pombe"
"805",0.1552,"A.no effect","S. pombe"
"806",0.3921,"A.no effect","S. pombe"
"807",0.1943,"A.no effect","S. pombe"
"808",0.09095,"A.no effect","S. pombe"
"809",0.0869,"A.no effect","S. pombe"
"810",0.07355,"D.0.01-0.05","S. pombe"
"811",0.18065,"A.no effect","S. pombe"
"812",0.177,"A.no effect","S. pombe"
"813",0.163,"A.no effect","S. pombe"
"814",0.0544,"C.0.001-0.01","S. pombe"
"815",0.3709,"A.no effect","S. pombe"
"816",0.2295,"B.0-0.001","S. pombe"
"817",0.1089,"B.0-0.001","S. pombe"
"818",0.0825,"A.no effect","S. pombe"
"819",0.1364,"B.0-0.001","S. pombe"
"820",0.0325,"B.0-0.001","S. pombe"
"821",0.2243,"A.no effect","S. pombe"
"822",0.1407,"A.no effect","S. pombe"
"823",0.0555,"B.0-0.001","S. pombe"
"824",0.09685,"B.0-0.001","S. pombe"
"825",0.23685,"A.no effect","S. pombe"
"826",0.0941,"B.0-0.001","S. pombe"
"827",0.1323,"A.no effect","S. pombe"
"828",0.112,"B.0-0.001","S. pombe"
"829",0.1924,"A.no effect","S. pombe"
"830",0.1095,"B.0-0.001","S. pombe"
"831",0.1926,"A.no effect","S. pombe"
"832",0.1648,"A.no effect","S. pombe"
"833",0.12225,"A.no effect","S. pombe"
"834",0.0712,"A.no effect","S. pombe"
"835",0.04475,"A.no effect","S. pombe"
"836",0.2962,"A.no effect","S. pombe"
"837",0.2702,"A.no effect","S. pombe"
"838",0.15835,"B.0-0.001","S. pombe"
"839",0.1186,"B.0-0.001","S. pombe"
"840",0.11,"B.0-0.001","S. pombe"
"841",0.2186,"A.no effect","S. pombe"
"842",0.0669,"B.0-0.001","S. pombe"
"843",0.1161,"B.0-0.001","S. pombe"
"844",0.1,"B.0-0.001","S. pombe"
"845",0.10505,"A.no effect","S. pombe"
"846",0.1059,"A.no effect","S. pombe"
"847",0.1313,"B.0-0.001","S. pombe"
"848",0.1663,"A.no effect","S. pombe"
"849",0.1027,"B.0-0.001","S. pombe"
"850",0.2002,"A.no effect","S. pombe"
"851",0.08445,"A.no effect","S. pombe"
"852",0.0403,"A.no effect","S. pombe"
"853",0.14395,"A.no effect","S. pombe"
"854",0.1253,"B.0-0.001","S. pombe"
"855",0.0513,"B.0-0.001","S. pombe"
"856",0.2197,"A.no effect","S. pombe"
"857",0.21195,"A.no effect","S. pombe"
"858",0.1176,"B.0-0.001","S. pombe"
"859",0.1371,"A.no effect","S. pombe"
"860",0.12965,"A.no effect","S. pombe"
"861",0.09865,"A.no effect","S. pombe"
"862",0.0705,"B.0-0.001","S. pombe"
"863",0.1991,"A.no effect","S. pombe"
"864",0.0972,"B.0-0.001","S. pombe"
"865",0.0903,"A.no effect","S. pombe"
"866",0.1304,"A.no effect","S. pombe"
"867",0.2627,"A.no effect","S. pombe"
"868",0.2621,"A.no effect","S. pombe"
"869",0.1258,"B.0-0.001","S. pombe"
"870",0.047,"A.no effect","S. pombe"
"871",0.0461,"A.no effect","S. pombe"
"872",0.0301,"A.no effect","S. pombe"
"873",0.37845,"A.no effect","S. pombe"
"874",0.1648,"A.no effect","S. pombe"
"875",0.094,"A.no effect","S. pombe"
"876",0.12745,"A.no effect","S. pombe"
"877",0.2419,"A.no effect","S. pombe"
"878",0.0711,"C.0.001-0.01","S. pombe"
"879",0.1358,"A.no effect","S. pombe"
"880",0.06015,"B.0-0.001","S. pombe"
"881",0.097,"B.0-0.001","S. pombe"
"882",0.0956,"A.no effect","S. pombe"
"883",0.0882,"A.no effect","S. pombe"
"884",0.1661,"A.no effect","S. pombe"
"885",0.04545,"A.no effect","S. pombe"
"886",0.0993,"C.0.001-0.01","S. pombe"
"887",0.0532,"D.0.01-0.05","S. pombe"
"888",0.093,"A.no effect","S. pombe"
"889",0.2071,"A.no effect","S. pombe"
"890",0.1877,"B.0-0.001","S. pombe"
"891",0.132,"A.no effect","S. pombe"
"892",0.1045,"C.0.001-0.01","S. pombe"
"893",0.08245,"A.no effect","S. pombe"
"894",0.0946,"A.no effect","S. pombe"
"895",0.0765,"B.0-0.001","S. pombe"
"896",0.09305,"A.no effect","S. pombe"
"897",0.1817,"A.no effect","S. pombe"
"898",0.035,"B.0-0.001","S. pombe"
"899",0.1228,"A.no effect","S. pombe"
"900",0.1383,"A.no effect","S. pombe"
"901",0.07665,"B.0-0.001","S. pombe"
"902",0.2069,"A.no effect","S. pombe"
"903",0.0637,"A.no effect","S. pombe"
"904",0.1847,"B.0-0.001","S. pombe"
"905",0.0665,"D.0.01-0.05","S. pombe"
"906",0.0592,"A.no effect","S. pombe"
"907",0.1717,"B.0-0.001","S. pombe"
"908",0.1064,"C.0.001-0.01","S. pombe"
"909",0.15315,"A.no effect","S. pombe"
"910",0.0806,"C.0.001-0.01","S. pombe"
"911",0.13145,"A.no effect","S. pombe"
"912",0.1601,"A.no effect","S. pombe"
"913",0.01225,"A.no effect","S. pombe"
"914",0.15155,"A.no effect","S. pombe"
"915",0.1933,"B.0-0.001","S. pombe"
"916",0.0887,"A.no effect","S. pombe"
"917",0.1578,"A.no effect","S. pombe"
"918",0.0866,"A.no effect","S. pombe"
"919",0.1998,"C.0.001-0.01","S. pombe"
"920",0.1261,"A.no effect","S. pombe"
"921",0.2343,"B.0-0.001","S. pombe"
"922",0.0626,"B.0-0.001","S. pombe"
"923",0.20215,"A.no effect","S. pombe"
"924",0.095,"A.no effect","S. pombe"
"925",0.045,"C.0.001-0.01","S. pombe"
"926",0.1407,"D.0.01-0.05","S. pombe"
"927",0.1491,"B.0-0.001","S. pombe"
"928",0.1017,"A.no effect","S. pombe"
"929",0.0926,"A.no effect","S. pombe"
"930",0.1028,"B.0-0.001","S. pombe"
"931",0.10135,"A.no effect","S. pombe"
"932",0.10515,"A.no effect","S. pombe"
"933",0.2233,"A.no effect","S. pombe"
"934",0.1325,"A.no effect","S. pombe"
"935",0.1008,"C.0.001-0.01","S. pombe"
"936",0.1318,"A.no effect","S. pombe"
"937",0.1798,"B.0-0.001","S. pombe"
"938",0.19705,"A.no effect","S. pombe"
"939",0.10855,"D.0.01-0.05","S. pombe"
"940",0.0788,"A.no effect","S. pombe"
"941",0.1171,"B.0-0.001","S. pombe"
"942",0.1394,"A.no effect","S. pombe"
"943",0.0544,"A.no effect","S. pombe"
"944",0.0933,"A.no effect","S. pombe"
"945",0.2212,"A.no effect","S. pombe"
"946",0.1259,"A.no effect","S. pombe"
"947",0.1538,"B.0-0.001","S. pombe"
"948",0.15745,"A.no effect","S. pombe"
"949",0.0377,"A.no effect","S. pombe"
"950",0.0593,"A.no effect","S. pombe"
"951",0.1848,"A.no effect","S. pombe"
"952",0.24,"A.no effect","S. pombe"
"953",0.155,"A.no effect","S. pombe"
"954",0.2071,"A.no effect","S. pombe"
"955",0.2211,"B.0-0.001","S. pombe"
"956",0.1224,"A.no effect","S. pombe"
"957",0.1831,"A.no effect","S. pombe"
"958",0.0847,"A.no effect","S. pombe"
"959",0.2002,"A.no effect","S. pombe"
"960",0.1521,"A.no effect","S. pombe"
"961",0.0571,"B.0-0.001","S. pombe"
"962",0.0524,"A.no effect","S. pombe"
"963",0.125,"A.no effect","S. pombe"
"964",0.0749,"A.no effect","S. pombe"
"965",0.14765,"A.no effect","S. pombe"
"966",0.2056,"A.no effect","S. pombe"
"967",0.2262,"C.0.001-0.01","S. pombe"
"968",0.0771,"D.0.01-0.05","S. pombe"
"969",0.1396,"A.no effect","S. pombe"
"970",0.05825,"A.no effect","S. pombe"
"971",0.12635,"A.no effect","S. pombe"
"972",0.1927,"A.no effect","S. pombe"
"973",0.1,"A.no effect","S. pombe"
"974",0.1394,"A.no effect","S. pombe"
"975",0.0887,"A.no effect","S. pombe"
"976",0.1664,"A.no effect","S. pombe"
"977",0.0868,"A.no effect","S. pombe"
"978",0.1015,"B.0-0.001","S. pombe"
"979",0.2323,"A.no effect","S. pombe"
"980",0.1907,"A.no effect","S. pombe"
"981",0.0921,"D.0.01-0.05","S. pombe"
"982",0.08275,"A.no effect","S. pombe"
"983",0.0544,"A.no effect","S. pombe"
"984",0.1242,"B.0-0.001","S. pombe"
"985",0.10745,"A.no effect","S. pombe"
"986",0.074,"B.0-0.001","S. pombe"
"987",0.23675,"A.no effect","S. pombe"
"988",0.1287,"B.0-0.001","S. pombe"
"989",0.1698,"B.0-0.001","S. pombe"
"990",0.1979,"B.0-0.001","S. pombe"
"991",0.0887,"A.no effect","S. pombe"
"992",0.0822,"B.0-0.001","S. pombe"
"993",0.1325,"A.no effect","S. pombe"
"994",0.213,"A.no effect","S. pombe"
"995",0.0838,"A.no effect","S. pombe"
"996",0.2434,"A.no effect","S. pombe"
"997",0.24645,"A.no effect","S. pombe"
"998",0.15465,"B.0-0.001","S. pombe"
"999",0.1707,"A.no effect","S. pombe"
"1000",0.22775,"A.no effect","S. pombe"
"1001",0.09095,"A.no effect","S. pombe"
"1002",0.1033,"C.0.001-0.01","S. pombe"
"1003",0.088,"A.no effect","S. pombe"
"1004",0.1317,"A.no effect","S. pombe"
"1005",0.16105,"A.no effect","S. pombe"
"1006",0.0667,"B.0-0.001","S. pombe"
"1007",0.1762,"A.no effect","S. pombe"
"1008",0.0416,"A.no effect","S. pombe"
"1009",0.1037,"B.0-0.001","S. pombe"
"1010",0.092,"B.0-0.001","S. pombe"
"1011",0.0742,"C.0.001-0.01","S. pombe"
"1012",0.1007,"B.0-0.001","S. pombe"
"1013",0.1224,"A.no effect","S. pombe"
"1014",0.1409,"A.no effect","S. pombe"
"1015",0.1045,"A.no effect","S. pombe"
"1016",0.0781,"A.no effect","S. pombe"
"1017",0.1805,"A.no effect","S. pombe"
"1018",0.1212,"B.0-0.001","S. pombe"
"1019",0.07295,"A.no effect","S. pombe"
"1020",0.0831,"A.no effect","S. pombe"
"1021",0.2672,"B.0-0.001","S. pombe"
"1022",0.1594,"B.0-0.001","S. pombe"
"1023",0.06645,"B.0-0.001","S. pombe"
"1024",0.1883,"C.0.001-0.01","S. pombe"
"1025",0.04375,"A.no effect","S. pombe"
"1026",0.0911,"A.no effect","S. pombe"
"1027",0.117,"B.0-0.001","S. pombe"
"1028",0.09475,"B.0-0.001","S. pombe"
"1029",0.086,"B.0-0.001","S. pombe"
"1030",0.0815,"A.no effect","S. pombe"
"1031",0.1127,"B.0-0.001","S. pombe"
"1032",0.0816,"B.0-0.001","S. pombe"
"1033",0.0475,"B.0-0.001","S. pombe"
"1034",0.05,"B.0-0.001","S. pombe"
"1035",0.0792,"A.no effect","S. pombe"
"1036",0.0798,"B.0-0.001","S. pombe"
"1037",0.0585,"A.no effect","S. pombe"
"1038",0.11685,"B.0-0.001","S. pombe"
"1039",0.06365,"C.0.001-0.01","S. pombe"
"1040",0.0426,"A.no effect","S. pombe"
"1041",0.0185,"A.no effect","S. pombe"
"1042",0.1246,"B.0-0.001","S. pombe"
"1043",0.0776,"A.no effect","S. pombe"
"1044",0.1562,"A.no effect","S. pombe"
"1045",0.0704,"C.0.001-0.01","S. pombe"
"1046",0.0678,"D.0.01-0.05","S. pombe"
"1047",0.1221,"B.0-0.001","S. pombe"
"1048",0.16,"A.no effect","S. pombe"
"1049",0.1695,"B.0-0.001","S. pombe"
"1050",0.1309,"B.0-0.001","S. pombe"
"1051",0.1871,"A.no effect","S. pombe"
"1052",0.0405,"A.no effect","S. pombe"
"1053",0.176,"D.0.01-0.05","S. pombe"
"1054",0.0655,"C.0.001-0.01","S. pombe"
"1055",0.0924,"D.0.01-0.05","S. pombe"
"1056",0.11595,"A.no effect","S. pombe"
"1057",0.0746,"D.0.01-0.05","S. pombe"
"1058",0.0735,"D.0.01-0.05","S. pombe"
"1059",0.0342,"B.0-0.001","S. pombe"
"1060",0.1466,"A.no effect","S. pombe"
"1061",0.0717,"B.0-0.001","S. pombe"
"1062",0.0771,"B.0-0.001","S. pombe"
"1063",0.18605,"A.no effect","S. pombe"
"1064",0.1088,"A.no effect","S. pombe"
"1065",0.0541,"D.0.01-0.05","S. pombe"
"1066",0.0513,"A.no effect","S. pombe"
"1067",0.1489,"A.no effect","S. pombe"
"1068",0.1233,"B.0-0.001","S. pombe"
"1069",0.08525,"A.no effect","S. pombe"
"1070",0.0448,"A.no effect","S. pombe"
"1071",0.1514,"A.no effect","S. pombe"
"1072",0.07865,"C.0.001-0.01","S. pombe"
"1073",0.2177,"B.0-0.001","S. pombe"
"1074",0.0299,"B.0-0.001","S. pombe"
"1075",0.0857,"D.0.01-0.05","S. pombe"
"1076",0.0552,"A.no effect","S. pombe"
"1077",0.0681,"C.0.001-0.01","S. pombe"
"1078",0.186,"B.0-0.001","S. pombe"
"1079",0.0901,"D.0.01-0.05","S. pombe"
"1080",0.1045,"B.0-0.001","S. pombe"
"1081",0.047,"A.no effect","S. pombe"
"1082",0.0802,"A.no effect","S. pombe"
"1083",0.0621,"D.0.01-0.05","S. pombe"
"1084",0.1453,"B.0-0.001","S. pombe"
"1085",0.0758,"D.0.01-0.05","S. pombe"
"1086",0.1017,"A.no effect","S. pombe"
"1087",0.0788,"B.0-0.001","S. pombe"
"1088",0.15155,"A.no effect","S. pombe"
"1089",0.105,"C.0.001-0.01","S. pombe"
"1090",0.1191,"C.0.001-0.01","S. pombe"
"1091",0.09955,"D.0.01-0.05","S. pombe"
"1092",0.1041,"A.no effect","S. pombe"
"1093",0.0841,"A.no effect","S. pombe"
"1094",0.191,"C.0.001-0.01","S. pombe"
"1095",0.1763,"A.no effect","S. pombe"
"1096",0.1876,"A.no effect","S. pombe"
"1097",0.3638,"B.0-0.001","S. pombe"
"1098",0.1039,"A.no effect","S. pombe"
"1099",0.1904,"A.no effect","S. pombe"
"1100",0.1058,"A.no effect","S. pombe"
"1101",0.0768,"C.0.001-0.01","S. pombe"
"1102",0.2185,"A.no effect","S. pombe"
"1103",0.21855,"B.0-0.001","S. pombe"
"1104",0.1183,"B.0-0.001","S. pombe"
"1105",0.1289,"A.no effect","S. pombe"
"1106",0.2076,"A.no effect","S. pombe"
"1107",0.0801,"B.0-0.001","S. pombe"
"1108",0.0985,"A.no effect","S. pombe"
"1109",0.1891,"A.no effect","S. pombe"
"1110",0.1633,"A.no effect","S. pombe"
"1111",0.0768,"C.0.001-0.01","S. pombe"
"1112",0.0787,"B.0-0.001","S. pombe"
"1113",0.0868,"B.0-0.001","S. pombe"
"1114",0.0508,"C.0.001-0.01","S. pombe"
"1115",0.11,"A.no effect","S. pombe"
"1116",0.0996,"D.0.01-0.05","S. pombe"
"1117",0.32395,"A.no effect","S. pombe"
"1118",0.2147,"A.no effect","S. pombe"
"1119",0.2002,"A.no effect","S. pombe"
"1120",0.1375,"A.no effect","S. pombe"
"1121",0.0566,"B.0-0.001","S. pombe"
"1122",0.1136,"B.0-0.001","S. pombe"
"1123",0.0136,"A.no effect","S. pombe"
"1124",0.13785,"A.no effect","S. pombe"
"1125",0.272,"A.no effect","S. pombe"
"1126",0.0841,"B.0-0.001","S. pombe"
"1127",0.0599,"A.no effect","S. pombe"
"1128",0.0815,"A.no effect","S. pombe"
"1129",0.02195,"A.no effect","S. pombe"
"1130",0.0842,"B.0-0.001","S. pombe"
"1131",0.11385,"A.no effect","S. pombe"
"1132",0.0747,"A.no effect","S. pombe"
"1133",0.1299,"A.no effect","S. pombe"
"1134",0.1375,"A.no effect","S. pombe"
"1135",0.1918,"B.0-0.001","S. pombe"
"1136",0.0931,"B.0-0.001","S. pombe"
"1137",0.1318,"A.no effect","S. pombe"
"1138",0.1181,"A.no effect","S. pombe"
"1139",0.1172,"A.no effect","S. pombe"
"1140",0.2856,"A.no effect","S. pombe"
"1141",0.2083,"A.no effect","S. pombe"
"1142",0.0816,"B.0-0.001","S. pombe"
"1143",0.1114,"A.no effect","S. pombe"
"1144",0.1122,"A.no effect","S. pombe"
"1145",0.122,"B.0-0.001","S. pombe"
"1146",0.1526,"B.0-0.001","S. pombe"
"1147",0.1138,"A.no effect","S. pombe"
"1148",0.0681,"A.no effect","S. pombe"
"1149",0.1244,"A.no effect","S. pombe"
"1150",0.0505,"A.no effect","S. pombe"
"1151",0.2346,"A.no effect","S. pombe"
"1152",0.1311,"A.no effect","S. pombe"
"1153",0.0903,"A.no effect","S. pombe"
"1154",0.1154,"B.0-0.001","S. pombe"
"1155",0.19665,"A.no effect","S. pombe"
"1156",0.1029,"B.0-0.001","S. pombe"
"1157",0.0858,"C.0.001-0.01","S. pombe"
"1158",0.08085,"D.0.01-0.05","S. pombe"
"1159",0.1484,"B.0-0.001","S. pombe"
"1160",0.1723,"D.0.01-0.05","S. pombe"
"1161",0.0974,"A.no effect","S. pombe"
"1162",0.0317,"B.0-0.001","S. pombe"
"1163",0.1973,"A.no effect","S. pombe"
"1164",0.1501,"A.no effect","S. pombe"
"1165",0.0727,"A.no effect","S. pombe"
"1166",0.0966,"A.no effect","S. pombe"
"1167",0.2577,"A.no effect","S. pombe"
"1168",0.08335,"B.0-0.001","S. pombe"
"1169",0.1642,"B.0-0.001","S. pombe"
"1170",0.1522,"C.0.001-0.01","S. pombe"
"1171",0.16665,"A.no effect","S. pombe"
"1172",0.14045,"B.0-0.001","S. pombe"
"1173",0.0884,"B.0-0.001","S. pombe"
"1174",0.0727,"C.0.001-0.01","S. pombe"
"1175",0.0699,"A.no effect","S. pombe"
"1176",0.20585,"A.no effect","S. pombe"
"1177",0.062,"B.0-0.001","S. pombe"
"1178",0.1299,"C.0.001-0.01","S. pombe"
"1179",0.1396,"B.0-0.001","S. pombe"
"1180",0.0218,"A.no effect","S. pombe"
"1181",0.1525,"A.no effect","S. pombe"
"1182",0.1001,"A.no effect","S. pombe"
"1183",0.0721,"B.0-0.001","S. pombe"
"1184",0.081,"B.0-0.001","S. pombe"
"1185",0.10095,"B.0-0.001","S. pombe"
"1186",0.0969,"C.0.001-0.01","S. pombe"
"1187",0.2174,"A.no effect","S. pombe"
"1188",0.1857,"A.no effect","S. pombe"
"1189",0.1602,"A.no effect","S. pombe"
"1190",0.1078,"A.no effect","S. pombe"
"1191",0.1377,"A.no effect","S. pombe"
"1192",0.2962,"A.no effect","S. pombe"
"1193",0.0746,"D.0.01-0.05","S. pombe"
"1194",0.0192,"A.no effect","S. pombe"
"1195",0.12685,"A.no effect","S. pombe"
"1196",0.1172,"A.no effect","S. pombe"
"1197",0.1032,"C.0.001-0.01","S. pombe"
"1198",0.0752,"B.0-0.001","S. pombe"
"1199",0.0416,"A.no effect","S. pombe"
"1200",0.1669,"A.no effect","S. pombe"
"1201",0.0678,"A.no effect","S. pombe"
"1202",0.1445,"A.no effect","S. pombe"
"1203",0.0681,"A.no effect","S. pombe"
"1204",0.0865,"A.no effect","S. pombe"
"1205",0.1932,"D.0.01-0.05","S. pombe"
"1206",0.0501,"B.0-0.001","S. pombe"
"1207",0.0648,"A.no effect","S. pombe"
"1208",0.0836,"A.no effect","S. pombe"
"1209",0.1054,"A.no effect","S. pombe"
"1210",0.0825,"B.0-0.001","S. pombe"
"1211",0.21635,"A.no effect","S. pombe"
"1212",0.1773,"B.0-0.001","S. pombe"
"1213",0.1416,"A.no effect","S. pombe"
"1214",0.2089,"A.no effect","S. pombe"
"1215",0.1112,"A.no effect","S. pombe"
"1216",0.0609,"A.no effect","S. pombe"
"1217",0.2207,"A.no effect","S. pombe"
"1218",0.17105,"C.0.001-0.01","S. pombe"
"1219",0.3486,"A.no effect","S. pombe"
"1220",0.1357,"A.no effect","S. pombe"
"1221",0.1536,"A.no effect","S. pombe"
"1222",0.0998,"A.no effect","S. pombe"
"1223",0.0773,"B.0-0.001","S. pombe"
"1224",0.1121,"B.0-0.001","S. pombe"
"1225",0.15515,"A.no effect","S. pombe"
"1226",0.0717,"A.no effect","S. pombe"
"1227",0.1099,"B.0-0.001","S. pombe"
"1228",0.16505,"A.no effect","S. pombe"
"1229",0.10405,"A.no effect","S. pombe"
"1230",0.1161,"A.no effect","S. pombe"
"1231",0.17035,"A.no effect","S. pombe"
"1232",0.1587,"A.no effect","S. pombe"
"1233",0.153,"A.no effect","S. pombe"
"1234",0.1722,"A.no effect","S. pombe"
"1235",0.2057,"B.0-0.001","S. pombe"
"1236",0.0497,"B.0-0.001","S. pombe"
"1237",0.1253,"B.0-0.001","S. pombe"
"1238",0.1018,"A.no effect","S. pombe"
"1239",0.133,"A.no effect","S. pombe"
"1240",0.1099,"A.no effect","S. pombe"
"1241",0.0921,"A.no effect","S. pombe"
"1242",0.132,"A.no effect","S. pombe"
"1243",0.1565,"A.no effect","S. pombe"
"1244",0.0712,"A.no effect","S. pombe"
"1245",0.1055,"A.no effect","S. pombe"
"1246",0.0881,"B.0-0.001","S. pombe"
"1247",0.1602,"A.no effect","S. pombe"
"1248",0.1828,"A.no effect","S. pombe"
"1249",0.0551,"A.no effect","S. pombe"
"1250",0.0769,"A.no effect","S. pombe"
"1251",0.0936,"A.no effect","S. pombe"
"1252",0.0936,"A.no effect","S. pombe"
"1253",0.2269,"A.no effect","S. pombe"
"1254",0.1144,"D.0.01-0.05","S. pombe"
"1255",0.1711,"A.no effect","S. pombe"
"1256",0.206,"A.no effect","S. pombe"
"1257",0.2212,"A.no effect","S. pombe"
"1258",0.0527,"A.no effect","S. pombe"
"1259",0.1315,"B.0-0.001","S. pombe"
"1260",0.1693,"B.0-0.001","S. pombe"
"1261",0.1318,"B.0-0.001","S. pombe"
"1262",0.1706,"A.no effect","S. pombe"
"1263",0.1067,"A.no effect","S. pombe"
"1264",0.1748,"A.no effect","S. pombe"
"1265",0.1348,"A.no effect","S. pombe"
"1266",0.1866,"A.no effect","S. pombe"
"1267",0.055,"B.0-0.001","S. pombe"
"1268",0.10315,"A.no effect","S. pombe"
"1269",0.0681,"A.no effect","S. pombe"
"1270",0.0732,"A.no effect","S. pombe"
"1271",0.186,"A.no effect","S. pombe"
"1272",0.0271,"A.no effect","S. pombe"
"1273",0.0707,"A.no effect","S. pombe"
"1274",0.01695,"A.no effect","S. pombe"
"1275",0.0546,"A.no effect","S. pombe"
"1276",0.1944,"A.no effect","S. pombe"
"1277",0.22815,"A.no effect","S. pombe"
"1278",0.1399,"A.no effect","S. pombe"
"1279",0.3803,"A.no effect","S. pombe"
"1280",0.2349,"A.no effect","S. pombe"
"1281",0.17325,"A.no effect","S. pombe"
"1282",0.2723,"A.no effect","S. pombe"
"1283",0.12705,"A.no effect","S. pombe"
"1284",0.04025,"A.no effect","S. pombe"
"1285",0.1047,"A.no effect","S. pombe"
"1286",0.3212,"A.no effect","S. pombe"
"1287",0.2757,"A.no effect","S. pombe"
"1288",0.1622,"A.no effect","S. pombe"
"1289",0.227,"A.no effect","S. pombe"
"1290",0.1654,"A.no effect","S. pombe"
"1291",0.143,"A.no effect","S. pombe"
"1292",0.1671,"A.no effect","S. pombe"
"1293",0.0607,"A.no effect","S. pombe"
"1294",0.1714,"A.no effect","S. pombe"
"1295",0.1565,"A.no effect","S. pombe"
"1296",0.1945,"A.no effect","S. pombe"
"1297",0.168,"A.no effect","S. pombe"
"1298",0.09575,"A.no effect","S. pombe"
"1299",0.1923,"A.no effect","S. pombe"
"1300",0.139,"D.0.01-0.05","S. pombe"
"1301",0.0998,"A.no effect","S. pombe"
"1302",0.1253,"A.no effect","S. pombe"
"1303",0.081,"A.no effect","S. pombe"
"1304",0.118,"A.no effect","S. pombe"
"1305",0.05825,"A.no effect","S. pombe"
"1306",0.1147,"A.no effect","S. pombe"
"1307",0.0401,"A.no effect","S. pombe"
"1308",0.0984,"B.0-0.001","S. pombe"
"1309",0.013,"A.no effect","S. pombe"
"1310",0.1971,"A.no effect","S. pombe"
"1311",0.045,"C.0.001-0.01","S. pombe"
"1312",0.1677,"A.no effect","S. pombe"
"1313",0.1938,"B.0-0.001","S. pombe"
"1314",0.149,"A.no effect","S. pombe"
"1315",0.1646,"A.no effect","S. pombe"
"1316",0.0583,"A.no effect","S. pombe"
"1317",0.207,"A.no effect","S. pombe"
"1318",0.08255,"A.no effect","S. pombe"
"1319",0.1389,"A.no effect","S. pombe"
"1320",0.0473,"C.0.001-0.01","S. pombe"
"1321",0.1048,"A.no effect","S. pombe"
"1322",0.1598,"A.no effect","S. pombe"
"1323",0.21815,"A.no effect","S. pombe"
"1324",0.133,"B.0-0.001","S. pombe"
"1325",0.0484,"A.no effect","S. pombe"
"1326",0.1806,"A.no effect","S. pombe"
"1327",0.0418,"B.0-0.001","S. pombe"
"1328",0.1056,"C.0.001-0.01","S. pombe"
"1329",0.058,"B.0-0.001","S. pombe"
"1330",0.1153,"A.no effect","S. pombe"
"1331",0.1226,"A.no effect","S. pombe"
"1332",0.155,"C.0.001-0.01","S. pombe"
"1333",0.1647,"A.no effect","S. pombe"
"1334",0.16955,"A.no effect","S. pombe"
"1335",0.1113,"A.no effect","S. pombe"
"1336",0.0634,"A.no effect","S. pombe"
"1337",0.1377,"A.no effect","S. pombe"
"1338",0.1291,"C.0.001-0.01","S. pombe"
"1339",0.0701,"B.0-0.001","S. pombe"
"1340",0.09575,"A.no effect","S. pombe"
"1341",0.1213,"A.no effect","S. pombe"
"1342",0.0976,"B.0-0.001","S. pombe"
"1343",0.0684,"C.0.001-0.01","S. pombe"
"1344",0.0788,"B.0-0.001","S. pombe"
"1345",0.0918,"C.0.001-0.01","S. pombe"
"1346",0.1134,"B.0-0.001","S. pombe"
"1347",0.179,"B.0-0.001","S. pombe"
"1348",0.0668,"A.no effect","S. pombe"
"1349",0.1464,"B.0-0.001","S. pombe"
"1350",0.0866,"A.no effect","S. pombe"
"1351",0.19255,"A.no effect","S. pombe"
"1352",0.2117,"A.no effect","S. pombe"
"1353",0.1378,"A.no effect","S. pombe"
"1354",0.15745,"A.no effect","S. pombe"
"1355",0.22285,"A.no effect","S. pombe"
"1356",0.0301,"A.no effect","S. pombe"
"1357",0.1273,"C.0.001-0.01","S. pombe"
"1358",0.1037,"B.0-0.001","S. pombe"
"1359",0.3518,"A.no effect","S. pombe"
"1360",0.152,"A.no effect","S. pombe"
"1361",0.1054,"A.no effect","S. pombe"
"1362",0.12,"A.no effect","S. pombe"
"1363",0.0758,"B.0-0.001","S. pombe"
"1364",0.162,"A.no effect","S. pombe"
"1365",0.19665,"A.no effect","S. pombe"
"1366",0.2427,"A.no effect","S. pombe"
"1367",0.1898,"A.no effect","S. pombe"
"1368",0.162,"A.no effect","K. marxianus"
"1369",0.1407,"A.no effect","K. marxianus"
"1370",0.081,"A.no effect","K. marxianus"
"1371",0.13145,"A.no effect","K. marxianus"
"1372",0.0684,"A.no effect","K. marxianus"
"1373",0.0541,"D.0.01-0.05","K. marxianus"
"1374",0.1938,"C.0.001-0.01","K. marxianus"
"1375",0.0993,"C.0.001-0.01","K. marxianus"
"1376",0.1923,"A.no effect","K. marxianus"
"1377",0.17095,"A.no effect","K. marxianus"
"1378",0.07865,"D.0.01-0.05","K. marxianus"
"1379",0.142,"A.no effect","K. marxianus"
"1380",0.0802,"B.0-0.001","K. marxianus"
"1381",0.1707,"A.no effect","K. marxianus"
"1382",0.22285,"A.no effect","K. marxianus"
"1383",0.1287,"C.0.001-0.01","K. marxianus"
"1384",0.1491,"C.0.001-0.01","K. marxianus"
"1385",0.035,"B.0-0.001","K. marxianus"
"1386",0.1233,"B.0-0.001","K. marxianus"
"1387",0.1325,"A.no effect","K. marxianus"
"1388",0.179,"B.0-0.001","K. marxianus"
"1389",0.0787,"D.0.01-0.05","K. marxianus"
"1390",0.1048,"A.no effect","K. marxianus"
"1391",0.105,"B.0-0.001","K. marxianus"
"1392",0.2216,"B.0-0.001","K. marxianus"
"1393",0.0816,"A.no effect","K. marxianus"
"1394",0.1033,"D.0.01-0.05","K. marxianus"
"1395",0.0966,"A.no effect","K. marxianus"
"1396",0.1037,"A.no effect","K. marxianus"
"1397",0.15315,"A.no effect","K. marxianus"
"1398",0.2083,"A.no effect","K. marxianus"
"1399",0.2434,"B.0-0.001","K. marxianus"
"1400",0.0985,"A.no effect","K. marxianus"
"1401",0.0721,"A.no effect","K. marxianus"
"1402",0.07645,"A.no effect","K. marxianus"
"1403",0.1318,"A.no effect","K. marxianus"
"1404",0.1416,"A.no effect","K. marxianus"
"1405",0.143,"A.no effect","K. marxianus"
"1406",0.1112,"A.no effect","K. marxianus"
"1407",0.1007,"C.0.001-0.01","K. marxianus"
"1408",0.1089,"B.0-0.001","K. marxianus"
"1409",0.117,"B.0-0.001","K. marxianus"
"1410",0.3638,"A.no effect","K. marxianus"
"1411",0.1213,"A.no effect","K. marxianus"
"1412",0.0401,"A.no effect","K. marxianus"
"1413",0.24645,"A.no effect","K. marxianus"
"1414",0.0776,"A.no effect","K. marxianus"
"1415",0.1654,"A.no effect","K. marxianus"
"1416",0.2147,"A.no effect","K. marxianus"
"1417",0.097,"B.0-0.001","K. marxianus"
"1418",0.0788,"B.0-0.001","K. marxianus"
"1419",0.2071,"A.no effect","K. marxianus"
"1420",0.1428,"A.no effect","K. marxianus"
"1421",0.0841,"A.no effect","K. marxianus"
"1422",0.1722,"A.no effect","K. marxianus"
"1423",0.0701,"B.0-0.001","K. marxianus"
"1424",0.0924,"A.no effect","K. marxianus"
"1425",0.1937,"A.no effect","K. marxianus"
"1426",0.1562,"A.no effect","K. marxianus"
"1427",0.2323,"B.0-0.001","K. marxianus"
"1428",0.20585,"A.no effect","K. marxianus"
"1429",0.1907,"A.no effect","K. marxianus"
"1430",0.0781,"A.no effect","K. marxianus"
"1431",0.2057,"C.0.001-0.01","K. marxianus"
"1432",0.1834,"B.0-0.001","K. marxianus"
"1433",0.1783,"A.no effect","K. marxianus"
"1434",0.0868,"A.no effect","K. marxianus"
"1435",0.1898,"B.0-0.001","K. marxianus"
"1436",0.1156,"A.no effect","K. marxianus"
"1437",0.0513,"D.0.01-0.05","K. marxianus"
"1438",0.1538,"B.0-0.001","K. marxianus"
"1439",0.0881,"B.0-0.001","K. marxianus"
"1440",0.0532,"C.0.001-0.01","K. marxianus"
"1441",0.0655,"C.0.001-0.01","K. marxianus"
"1442",0.1501,"A.no effect","K. marxianus"
"1443",0.1055,"A.no effect","K. marxianus"
"1444",0.1015,"B.0-0.001","K. marxianus"
"1445",0.1262,"A.no effect","K. marxianus"
"1446",0.1181,"A.no effect","K. marxianus"
"1447",0.1221,"C.0.001-0.01","K. marxianus"
"1448",0.1316,"A.no effect","K. marxianus"
"1449",0.086,"B.0-0.001","K. marxianus"
"1450",0.0801,"B.0-0.001","K. marxianus"
"1451",0.1067,"A.no effect","K. marxianus"
"1452",0.0393,"A.no effect","K. marxianus"
"1453",0.066,"A.no effect","K. marxianus"
"1454",0.045,"C.0.001-0.01","K. marxianus"
"1455",0.0752,"B.0-0.001","K. marxianus"
"1456",0.09475,"B.0-0.001","K. marxianus"
"1457",0.028,"B.0-0.001","K. marxianus"
"1458",0.21195,"A.no effect","K. marxianus"
"1459",0.1565,"A.no effect","K. marxianus"
"1460",0.1259,"A.no effect","K. marxianus"
"1461",0.1656,"A.no effect","K. marxianus"
"1462",0.1317,"A.no effect","K. marxianus"
"1463",0.16505,"A.no effect","K. marxianus"
"1464",0.2621,"A.no effect","K. marxianus"
"1465",0.1876,"A.no effect","K. marxianus"
"1466",0.1041,"A.no effect","K. marxianus"
"1467",0.1831,"A.no effect","K. marxianus"
"1468",0.067,"D.0.01-0.05","K. marxianus"
"1469",0.1246,"B.0-0.001","K. marxianus"
"1470",0.35065,"A.no effect","K. marxianus"
"1471",0.0825,"A.no effect","K. marxianus"
"1472",0.0882,"A.no effect","K. marxianus"
"1473",0.18065,"A.no effect","K. marxianus"
"1474",0.1342,"A.no effect","K. marxianus"
"1475",0.1,"C.0.001-0.01","K. marxianus"
"1476",0.0834,"A.no effect","K. marxianus"
"1477",0.1933,"C.0.001-0.01","K. marxianus"
"1478",0.09685,"A.no effect","K. marxianus"
"1479",0.1394,"A.no effect","K. marxianus"
"1480",0.088,"A.no effect","K. marxianus"
"1481",0.12745,"A.no effect","K. marxianus"
"1482",0.1047,"A.no effect","K. marxianus"
"1483",0.24985,"A.no effect","K. marxianus"
"1484",0.1304,"A.no effect","K. marxianus"
"1485",0.1052,"C.0.001-0.01","K. marxianus"
"1486",0.207,"A.no effect","K. marxianus"
"1487",0.0686,"A.no effect","K. marxianus"
"1488",0.08335,"B.0-0.001","K. marxianus"
"1489",0.29415,"A.no effect","K. marxianus"
"1490",0.066,"B.0-0.001","K. marxianus"
"1491",0.0825,"B.0-0.001","K. marxianus"
"1492",0.12,"A.no effect","K. marxianus"
"1493",0.2928,"A.no effect","K. marxianus"
"1494",0.1144,"D.0.01-0.05","K. marxianus"
"1495",0.0544,"A.no effect","K. marxianus"
"1496",0.1136,"B.0-0.001","K. marxianus"
"1497",0.1522,"A.no effect","K. marxianus"
"1498",0.0678,"C.0.001-0.01","K. marxianus"
"1499",0.1918,"C.0.001-0.01","K. marxianus"
"1500",0.0317,"B.0-0.001","K. marxianus"
"1501",0.058,"A.no effect","K. marxianus"
"1502",0.0136,"A.no effect","K. marxianus"
"1503",0.0609,"A.no effect","K. marxianus"
"1504",0.209,"A.no effect","K. marxianus"
"1505",0.16195,"A.no effect","K. marxianus"
"1506",0.0841,"C.0.001-0.01","K. marxianus"
"1507",0.177,"A.no effect","K. marxianus"
"1508",0.2343,"C.0.001-0.01","K. marxianus"
"1509",0.01225,"A.no effect","K. marxianus"
"1510",0.2008,"A.no effect","K. marxianus"
"1511",0.1289,"A.no effect","K. marxianus"
"1512",0.2516,"A.no effect","K. marxianus"
"1513",0.0342,"B.0-0.001","K. marxianus"
"1514",0.1082,"A.no effect","K. marxianus"
"1515",0.1943,"A.no effect","K. marxianus"
"1516",0.0325,"B.0-0.001","K. marxianus"
"1517",0.07355,"D.0.01-0.05","K. marxianus"
"1518",0.2263,"B.0-0.001","K. marxianus"
"1519",0.0758,"D.0.01-0.05","K. marxianus"
"1520",0.1134,"C.0.001-0.01","K. marxianus"
"1521",0.15835,"A.no effect","K. marxianus"
"1522",0.1318,"A.no effect","K. marxianus"
"1523",0.0869,"A.no effect","K. marxianus"
"1524",0.1153,"A.no effect","K. marxianus"
"1525",0.0684,"A.no effect","K. marxianus"
"1526",0.10515,"A.no effect","K. marxianus"
"1527",0.0842,"B.0-0.001","K. marxianus"
"1528",0.0788,"B.0-0.001","K. marxianus"
"1529",0.2211,"A.no effect","K. marxianus"
"1530",0.10135,"A.no effect","K. marxianus"
"1531",0.1647,"A.no effect","K. marxianus"
"1532",0.1698,"A.no effect","K. marxianus"
"1533",0.0405,"A.no effect","K. marxianus"
"1534",0.1525,"A.no effect","K. marxianus"
"1535",0.1432,"B.0-0.001","K. marxianus"
"1536",0.06645,"C.0.001-0.01","K. marxianus"
"1537",0.186,"D.0.01-0.05","K. marxianus"
"1538",0.163,"B.0-0.001","K. marxianus"
"1539",0.0831,"A.no effect","K. marxianus"
"1540",0.0921,"A.no effect","K. marxianus"
"1541",0.1407,"A.no effect","K. marxianus"
"1542",0.1553,"A.no effect","K. marxianus"
"1543",0.0765,"B.0-0.001","K. marxianus"
"1544",0.2197,"B.0-0.001","K. marxianus"
"1545",0.10855,"A.no effect","K. marxianus"
"1546",0.08625,"A.no effect","K. marxianus"
"1547",0.1311,"A.no effect","K. marxianus"
"1548",0.0998,"A.no effect","K. marxianus"
"1549",0.0706,"D.0.01-0.05","K. marxianus"
"1550",0.22815,"A.no effect","K. marxianus"
"1551",0.1657,"A.no effect","K. marxianus"
"1552",0.1773,"B.0-0.001","K. marxianus"
"1553",0.09865,"A.no effect","K. marxianus"
"1554",0.1979,"C.0.001-0.01","K. marxianus"
"1555",0.0941,"A.no effect","K. marxianus"
"1556",0.1242,"B.0-0.001","K. marxianus"
"1557",0.0763,"B.0-0.001","K. marxianus"
"1558",0.2003,"A.no effect","K. marxianus"
"1559",0.095,"A.no effect","K. marxianus"
"1560",0.1105,"A.no effect","K. marxianus"
"1561",0.3084,"A.no effect","K. marxianus"
"1562",0.0931,"B.0-0.001","K. marxianus"
"1563",0.1711,"A.no effect","K. marxianus"
"1564",0.227,"A.no effect","K. marxianus"
"1565",0.115,"B.0-0.001","K. marxianus"
"1566",0.1,"B.0-0.001","K. marxianus"
"1567",0.0351,"A.no effect","K. marxianus"
"1568",0.2212,"A.no effect","K. marxianus"
"1569",0.0858,"C.0.001-0.01","K. marxianus"
"1570",0.1883,"B.0-0.001","K. marxianus"
"1571",0.0551,"A.no effect","K. marxianus"
"1572",0.1871,"A.no effect","K. marxianus"
"1573",0.1798,"C.0.001-0.01","K. marxianus"
"1574",0.1399,"A.no effect","K. marxianus"
"1575",0.1045,"A.no effect","K. marxianus"
"1576",0.1045,"A.no effect","K. marxianus"
"1577",0.1723,"C.0.001-0.01","K. marxianus"
"1578",0.1291,"C.0.001-0.01","K. marxianus"
"1579",0.2269,"A.no effect","K. marxianus"
"1580",0.0524,"A.no effect","K. marxianus"
"1581",0.0592,"A.no effect","K. marxianus"
"1582",0.1056,"C.0.001-0.01","K. marxianus"
"1583",0.1817,"A.no effect","K. marxianus"
"1584",0.0972,"B.0-0.001","K. marxianus"
"1585",0.3709,"A.no effect","K. marxianus"
"1586",0.1484,"B.0-0.001","K. marxianus"
"1587",0.1364,"A.no effect","K. marxianus"
"1588",0.0256,"A.no effect","K. marxianus"
"1589",0.04475,"A.no effect","K. marxianus"
"1590",0.1693,"B.0-0.001","K. marxianus"
"1591",0.14045,"B.0-0.001","K. marxianus"
"1592",0.27905,"A.no effect","K. marxianus"
"1593",0.1273,"C.0.001-0.01","K. marxianus"
"1594",0.1601,"A.no effect","K. marxianus"
"1595",0.2723,"A.no effect","K. marxianus"
"1596",0.0884,"C.0.001-0.01","K. marxianus"
"1597",0.1598,"A.no effect","K. marxianus"
"1598",0.0501,"A.no effect","K. marxianus"
"1599",0.1258,"A.no effect","K. marxianus"
"1600",0.2407,"A.no effect","K. marxianus"
"1601",0.047,"A.no effect","K. marxianus"
"1602",0.1172,"A.no effect","K. marxianus"
"1603",0.1088,"A.no effect","K. marxianus"
"1604",0.0598,"A.no effect","K. marxianus"
"1605",0.2577,"A.no effect","K. marxianus"
"1606",0.0585,"A.no effect","K. marxianus"
"1607",0.1973,"A.no effect","K. marxianus"
"1608",0.1844,"A.no effect","K. marxianus"
"1609",0.11385,"A.no effect","K. marxianus"
"1610",0.02195,"A.no effect","K. marxianus"
"1611",0.20125,"B.0-0.001","K. marxianus"
"1612",0.1375,"A.no effect","K. marxianus"
"1613",0.2045,"A.no effect","K. marxianus"
"1614",0.1121,"B.0-0.001","K. marxianus"
"1615",0.1191,"A.no effect","K. marxianus"
"1616",0.38875,"A.no effect","K. marxianus"
"1617",0.1225,"A.no effect","K. marxianus"
"1618",0.09305,"A.no effect","K. marxianus"
"1619",0.093,"A.no effect","K. marxianus"
"1620",0.1017,"A.no effect","K. marxianus"
"1621",0.2826,"D.0.01-0.05","K. marxianus"
"1622",0.0982,"B.0-0.001","K. marxianus"
"1623",0.05,"C.0.001-0.01","K. marxianus"
"1624",0.0857,"D.0.01-0.05","K. marxianus"
"1625",0.0798,"C.0.001-0.01","K. marxianus"
"1626",0.0956,"A.no effect","K. marxianus"
"1627",0.09955,"D.0.01-0.05","K. marxianus"
"1628",0.0806,"C.0.001-0.01","K. marxianus"
"1629",0.1315,"A.no effect","K. marxianus"
"1630",0.1445,"A.no effect","K. marxianus"
"1631",0.16105,"A.no effect","K. marxianus"
"1632",0.11,"A.no effect","K. marxianus"
"1633",0.1748,"A.no effect","K. marxianus"
"1634",0.213,"A.no effect","K. marxianus"
"1635",0.2757,"A.no effect","K. marxianus"
"1636",0.0768,"B.0-0.001","K. marxianus"
"1637",0.0508,"C.0.001-0.01","K. marxianus"
"1638",0.1904,"A.no effect","K. marxianus"
"1639",0.1663,"A.no effect","K. marxianus"
"1640",0.2346,"A.no effect","K. marxianus"
"1641",0.12635,"A.no effect","K. marxianus"
"1642",0.0799,"C.0.001-0.01","K. marxianus"
"1643",0.1521,"A.no effect","K. marxianus"
"1644",0.0717,"B.0-0.001","K. marxianus"
"1645",0.1478,"B.0-0.001","K. marxianus"
"1646",0.1579,"A.no effect","K. marxianus"
"1647",0.1848,"A.no effect","K. marxianus"
"1648",0.2856,"A.no effect","K. marxianus"
"1649",0.0555,"B.0-0.001","K. marxianus"
"1650",0.1677,"A.no effect","K. marxianus"
"1651",0.0699,"A.no effect","K. marxianus"
"1652",0.18605,"A.no effect","K. marxianus"
"1653",0.0933,"A.no effect","K. marxianus"
"1654",0.0475,"A.no effect","K. marxianus"
