,site_type,coordinate
0,YBL045C@@Helix@_group29,"[368, 374]"
1,YBL045C@@P07256+P07257_interface@_group39,[368]
2,YBL045C@@P07256+P08067_interface@_group40,[368]
3,YBL045C@@P07256+P08525_interface@_group41,[368]
4,YBL045C@@P07256+P39102_interface@_group42,[368]
5,YBL045C@@P07256+P53550_interface@_group43,[368]
6,YBL045C@@P07256+Q02630_interface@_group44,[368]
7,YBL045C@@P00163+P07256_interface@_group45,[368]
8,YBL045C@@alpha-helix@_group84,"[368, 374]"
9,YGR282C@@extended strand@_group16,[119]
10,YCL043C@@Helix@_group51,"[355, 351]"
11,YCL043C@@P17967+P39940_interface@_group64,[355]
12,YCL043C@@P17967+Q03103_interface@_group67,[355]
13,YCL043C@@P15019+P17967_interface@_group68,[355]
14,YCL043C@@P17967+P17967_interface@_group69,[355]
15,YCL043C@@alpha-helix@_group111,"[355, 351]"
16,YAL035W@@Beta strand@_group42,[832]
17,YAL035W@@Helix@_group73,[994]
18,YAL035W@@extended strand@_group162,[832]
19,YAL035W@@alpha-helix@_group180,[994]
20,YJL080C@@the rest@_group26,[116]
21,YJL080C@@alpha-helix@_group31,[172]
22,YLR069C@@the rest@_group50,[354]
23,YBR115C@@alpha-helix@_group120,[1093]
24,YOR254C@@Transmembrane@_group2,[224]
25,YOR254C@@Topological domain@_group6,[297]
26,YOR254C@@Domain [FT]@_group17,[297]
27,YOR254C@@alpha-helix@_group64,[224]
28,YGR124W@@Domain [FT]@_group7,[380]
29,YGR124W@@3-10-helix@_group54,[380]
30,YGL245W@@P0CE68+P46655_interface@_group30,[233]
31,YGL245W@@P0CE69+P46655_interface@_group31,[233]
32,YGL245W@@P21957+P46655_interface@_group32,[233]
33,YGL245W@@P33203+P46655_interface@_group33,[233]
34,YGL245W@@P34230+P46655_interface@_group34,[233]
35,YGL245W@@P34246+P46655_interface@_group35,[233]
36,YGL245W@@P39940+P46655_interface@_group36,[233]
37,YGL245W@@P40318+P46655_interface@_group37,[233]
38,YMR012W@@Domain [FT]@_group1,[453]
39,YMR012W@@the rest@_group35,[335]
40,YMR012W@@alpha-helix@_group45,[453]
41,YMR116C@@Repeat@_group12,[209]
42,YMR116C@@Beta strand@_group35,[209]
43,YPL231W@@Beta strand@_group65,[1572]
44,YPL231W@@Helix@_group102,[656]
45,YPL231W@@Helix@_group113,[899]
46,YPL231W@@P07149+P19097_interface@_group186,[899]
47,YPL231W@@alpha-helix@_group245,[656]
48,YPL231W@@alpha-helix@_group270,[899]
49,YPL231W@@extended strand@_group345,[1572]
50,YJR105W@@the rest@_group10,[58]
51,YNL262W@@Helix@_group84,[650]
52,YNL262W@@Helix@_group105,[1151]
53,YNL262W@@the rest@_group154,[282]
54,YNL262W@@alpha-helix@_group197,[650]
55,YNL262W@@alpha-helix@_group244,[1151]
56,YML126C@@alpha-helix@_group20,[107]
57,YBR286W@@extended strand@_group33,[146]
58,YGL150C@@Domain [FT]@_group12,"[832, 833]"
59,YLR148W@@alpha-helix@_group117,[781]
60,YBR169C@@P32590+P36068_interface@_group0,[151]
61,YBR169C@@P32590+Q12230_interface@_group1,[151]
62,YBR169C@@P29295+P32590_interface@_group2,[151]
63,YBR169C@@alpha-helix@_group21,[151]
64,YBR169C@@extended strand@_group27,[210]
65,YLR430W@@alpha-helix@_group187,[1492]
66,YPL188W@@Beta strand@_group19,[332]
67,YPL188W@@P02829+Q06892_interface@_group34,[332]
68,YPL188W@@P40956+Q06892_interface@_group35,[332]
69,YPL188W@@extended strand@_group76,[332]
70,YDR038C@@Transmembrane@_group6,[897]
71,YDR038C@@Topological domain@_group14,[736]
72,YDR038C@@Q06408+Q12691_interface@_group22,[736]
73,YDR038C@@Q12450+Q12691_interface@_group23,[736]
74,YDR038C@@alpha-helix@_group99,[736]
75,YDR038C@@alpha-helix@_group116,[897]
76,YBR031W@@Helix@_group31,[168]
77,YBR031W@@alpha-helix@_group66,[168]
78,YKL060C@@alpha-helix@_group36,[20]
79,YGL195W@@Repeat@_group31,[1190]
80,YGL195W@@Repeat@_group33,[1298]
81,YGL195W@@alpha-helix@_group149,[1190]
82,YGL195W@@the rest@_group157,[1298]
83,YDR298C@@alpha-helix@_group16,[154]